signal_type,entry_time,entry_price,exit_price,exit_reason,hold_hours,pnl_pct,pnl_actual
sell_3_optimized,2026-03-02 00:20:00,66462.4,68123.95999999999,stop_loss,24.0,-2.4999999999999964,-0.37499999999999944
sell_3_optimized,2026-03-02 00:20:00,66462.4,68123.95999999999,stop_loss,24.0,-2.4999999999999964,-0.37499999999999944
buy_3_optimized,2026-03-06 09:05:00,67183.39,67843.66,timeout,24.0,0.9827875610325767,0.1474181341548865
buy_3_optimized,2026-03-06 09:05:00,67183.39,67843.66,timeout,24.0,0.9827875610325767,0.1474181341548865
sell_3_optimized,2026-03-06 10:20:00,67339.58,69023.0695,stop_loss,24.0,-2.499999999999994,-0.37499999999999906
buy_3_optimized,2026-03-06 11:05:00,67090.0,67883.06,timeout,24.0,1.1820837680727347,0.1773125652109102
buy_3_optimized,2026-03-06 11:05:00,67090.0,67883.06,timeout,24.0,1.1820837680727347,0.1773125652109102
buy_3_optimized,2026-03-06 11:05:00,67090.0,67883.06,timeout,24.0,1.1820837680727347,0.1773125652109102
buy_3_optimized,2026-03-06 11:05:00,67090.0,67883.06,timeout,24.0,1.1820837680727347,0.1773125652109102
buy_3_optimized,2026-03-06 13:15:00,66547.15,67978.1,timeout,24.0,2.1502799143164086,0.3225419871474613
buy_3_optimized,2026-03-06 13:15:00,66547.15,67978.1,timeout,24.0,2.1502799143164086,0.3225419871474613
buy_3_optimized,2026-03-06 13:15:00,66547.15,67978.1,timeout,24.0,2.1502799143164086,0.3225419871474613
buy_3_optimized,2026-03-06 13:15:00,66547.15,67978.1,timeout,24.0,2.1502799143164086,0.3225419871474613
sell_3_optimized,2026-03-06 14:25:00,67231.86,68912.6565,stop_loss,24.0,-2.499999999999995,-0.3749999999999993
sell_3_optimized,2026-03-06 14:25:00,67231.86,68912.6565,stop_loss,24.0,-2.499999999999995,-0.3749999999999993
sell_3_optimized,2026-03-06 14:25:00,67231.86,68912.6565,stop_loss,24.0,-2.499999999999995,-0.3749999999999993
buy_3_optimized,2026-03-06 14:55:00,67035.18,68016.7,timeout,24.0,1.4641864167441696,0.21962796251162545
buy_3_optimized,2026-03-06 14:55:00,67035.18,68016.7,timeout,24.0,1.4641864167441696,0.21962796251162545
buy_3_optimized,2026-03-06 14:55:00,67035.18,68016.7,timeout,24.0,1.4641864167441696,0.21962796251162545
buy_3_optimized,2026-03-06 14:55:00,67035.18,68016.7,timeout,24.0,1.4641864167441696,0.21962796251162545
buy_3_optimized,2026-03-06 15:35:00,67249.67,67822.86,timeout,24.0,0.8523313199901239,0.12784969799851859
buy_3_optimized,2026-03-06 18:10:00,67445.56,67624.7,timeout,24.0,0.2656068094030199,0.03984102141045298
sell_3_optimized,2026-03-06 21:55:00,67255.84,67452.98,timeout,24.0,-0.2931195268693387,-0.0439679290304008
sell_3_optimized,2026-03-06 23:30:00,67127.01,67350.56,timeout,24.0,-0.33302540959295357,-0.049953811438943035
sell_3_optimized,2026-03-06 23:30:00,67127.01,67350.56,timeout,24.0,-0.33302540959295357,-0.049953811438943035
buy_3_optimized,2026-03-07 00:15:00,66745.54,67389.0,timeout,24.0,0.9640494331156905,0.14460741496735358
buy_3_optimized,2026-03-07 00:15:00,66745.54,67389.0,timeout,24.0,0.9640494331156905,0.14460741496735358
buy_3_optimized,2026-03-07 00:15:00,66745.54,67389.0,timeout,24.0,0.9640494331156905,0.14460741496735358
sell_3_optimized,2026-03-07 04:15:00,66514.31,68177.16775,stop_loss,24.0,-2.4999999999999933,-0.374999999999999
sell_3_optimized,2026-03-07 04:15:00,66514.31,68177.16775,stop_loss,24.0,-2.4999999999999933,-0.374999999999999
sell_3_optimized,2026-03-07 04:15:00,66514.31,68177.16775,stop_loss,24.0,-2.4999999999999933,-0.374999999999999
sell_3_optimized,2026-03-21 18:15:00,66730.0,68398.25,stop_loss,24.0,-2.5,-0.375
sell_3_optimized,2026-03-21 22:20:00,66290.0,67947.25,stop_loss,24.0,-2.5,-0.375
sell_3_optimized,2026-03-21 22:20:00,66290.0,67947.25,stop_loss,24.0,-2.5,-0.375
sell_3_optimized,2026-03-21 22:20:00,66290.0,67947.25,stop_loss,24.0,-2.5,-0.375
sell_3_optimized,2026-03-22 01:20:00,66139.99,67793.48975,stop_loss,24.0,-2.499999999999982,-0.3749999999999973
sell_3_optimized,2026-03-22 01:20:00,66139.99,67793.48975,stop_loss,24.0,-2.499999999999982,-0.3749999999999973
sell_3_optimized,2026-03-22 01:20:00,66139.99,67793.48975,stop_loss,24.0,-2.499999999999982,-0.3749999999999973
sell_3_optimized,2026-03-22 01:20:00,66139.99,67793.48975,stop_loss,24.0,-2.499999999999982,-0.3749999999999973
sell_3_optimized,2026-03-22 01:20:00,66139.99,67793.48975,stop_loss,24.0,-2.499999999999982,-0.3749999999999973
sell_3_optimized,2026-03-22 01:20:00,66139.99,67793.48975,stop_loss,24.0,-2.499999999999982,-0.3749999999999973
sell_3_optimized,2026-03-22 01:20:00,66139.99,67793.48975,stop_loss,24.0,-2.499999999999982,-0.3749999999999973
sell_3_optimized,2026-03-22 01:20:00,66139.99,67793.48975,stop_loss,24.0,-2.499999999999982,-0.3749999999999973
sell_3_optimized,2026-03-22 01:20:00,66139.99,67793.48975,stop_loss,24.0,-2.499999999999982,-0.3749999999999973
sell_3_optimized,2026-03-22 01:20:00,66139.99,67793.48975,stop_loss,24.0,-2.499999999999982,-0.3749999999999973
sell_3_optimized,2026-03-22 01:20:00,66139.99,67793.48975,stop_loss,24.0,-2.499999999999982,-0.3749999999999973
sell_3_optimized,2026-03-22 01:20:00,66139.99,67793.48975,stop_loss,24.0,-2.499999999999982,-0.3749999999999973
sell_3_optimized,2026-03-22 01:20:00,66139.99,67793.48975,stop_loss,24.0,-2.499999999999982,-0.3749999999999973
sell_3_optimized,2026-03-22 01:20:00,66139.99,67793.48975,stop_loss,24.0,-2.499999999999982,-0.3749999999999973
sell_3_optimized,2026-03-22 01:20:00,66139.99,67793.48975,stop_loss,24.0,-2.499999999999982,-0.3749999999999973
sell_3_optimized,2026-03-22 01:20:00,66139.99,67793.48975,stop_loss,24.0,-2.499999999999982,-0.3749999999999973
sell_3_optimized,2026-03-22 07:55:00,66487.69,68149.88225,stop_loss,24.0,-2.499999999999989,-0.37499999999999833
sell_3_optimized,2026-03-22 07:55:00,66487.69,68149.88225,stop_loss,24.0,-2.499999999999989,-0.37499999999999833
sell_3_optimized,2026-03-22 07:55:00,66487.69,68149.88225,stop_loss,24.0,-2.499999999999989,-0.37499999999999833
sell_3_optimized,2026-03-22 07:55:00,66487.69,68149.88225,stop_loss,24.0,-2.499999999999989,-0.37499999999999833
sell_3_optimized,2026-03-22 07:55:00,66487.69,68149.88225,stop_loss,24.0,-2.499999999999989,-0.37499999999999833
sell_3_optimized,2026-03-22 07:55:00,66487.69,68149.88225,stop_loss,24.0,-2.499999999999989,-0.37499999999999833
sell_3_optimized,2026-03-22 07:55:00,66487.69,68149.88225,stop_loss,24.0,-2.499999999999989,-0.37499999999999833
sell_3_optimized,2026-03-22 07:55:00,66487.69,68149.88225,stop_loss,24.0,-2.499999999999989,-0.37499999999999833
sell_3_optimized,2026-03-22 07:55:00,66487.69,68149.88225,stop_loss,24.0,-2.499999999999989,-0.37499999999999833
buy_3_optimized,2026-03-22 11:35:00,66205.75,70672.89,timeout,24.0,6.7473595571381635,1.0121039335707245
buy_3_optimized,2026-03-22 11:35:00,66205.75,70672.89,timeout,24.0,6.7473595571381635,1.0121039335707245
sell_3_optimized,2026-03-22 15:45:00,67096.77,68774.18925,stop_loss,24.0,-2.4999999999999876,-0.3749999999999981
sell_3_optimized,2026-03-22 17:40:00,66954.0,68627.84999999999,stop_loss,24.0,-2.499999999999987,-0.37499999999999806
sell_3_optimized,2026-03-22 17:40:00,66954.0,68627.84999999999,stop_loss,24.0,-2.499999999999987,-0.37499999999999806
sell_3_optimized,2026-03-22 17:40:00,66954.0,68627.84999999999,stop_loss,24.0,-2.499999999999987,-0.37499999999999806
sell_3_optimized,2026-03-22 17:40:00,66954.0,68627.84999999999,stop_loss,24.0,-2.499999999999987,-0.37499999999999806
sell_3_optimized,2026-03-22 17:40:00,66954.0,68627.84999999999,stop_loss,24.0,-2.499999999999987,-0.37499999999999806
sell_3_optimized,2026-03-22 17:40:00,66954.0,68627.84999999999,stop_loss,24.0,-2.499999999999987,-0.37499999999999806
sell_3_optimized,2026-03-22 19:05:00,66890.56,68562.824,stop_loss,24.0,-2.4999999999999933,-0.374999999999999
sell_3_optimized,2026-03-22 19:55:00,66788.88,68458.602,stop_loss,24.0,-2.499999999999991,-0.37499999999999867
sell_3_optimized,2026-03-22 19:55:00,66788.88,68458.602,stop_loss,24.0,-2.499999999999991,-0.37499999999999867
buy_3_optimized,2026-03-22 21:10:00,66281.4,71583.912,take_profit,24.0,8.000000000000004,1.2000000000000004
buy_3_optimized,2026-03-22 21:10:00,66281.4,71583.912,take_profit,24.0,8.000000000000004,1.2000000000000004
sell_3_optimized,2026-03-23 02:20:00,66771.63,68440.92075,stop_loss,24.0,-2.5,-0.375
sell_3_optimized,2026-03-23 02:20:00,66771.63,68440.92075,stop_loss,24.0,-2.5,-0.375
sell_3_optimized,2026-03-23 02:20:00,66771.63,68440.92075,stop_loss,24.0,-2.5,-0.375
sell_3_optimized,2026-03-23 02:20:00,66771.63,68440.92075,stop_loss,24.0,-2.5,-0.375
buy_3_optimized,2026-03-23 02:40:00,66617.82,70531.31,timeout,24.0,5.874539274926724,0.8811808912390086
buy_3_optimized,2026-03-23 02:40:00,66617.82,70531.31,timeout,24.0,5.874539274926724,0.8811808912390086
sell_3_optimized,2026-03-23 03:15:00,66772.83,68442.15075,stop_loss,24.0,-2.4999999999999982,-0.3749999999999997
sell_3_optimized,2026-03-23 03:15:00,66772.83,68442.15075,stop_loss,24.0,-2.4999999999999982,-0.3749999999999997
sell_3_optimized,2026-03-23 03:15:00,66772.83,68442.15075,stop_loss,24.0,-2.4999999999999982,-0.3749999999999997
sell_3_optimized,2026-03-23 03:15:00,66772.83,68442.15075,stop_loss,24.0,-2.4999999999999982,-0.3749999999999997
sell_3_optimized,2026-03-23 04:15:00,66726.14,68394.2935,stop_loss,24.0,-2.5000000000000004,-0.37500000000000006
sell_3_optimized,2026-03-23 04:15:00,66726.14,68394.2935,stop_loss,24.0,-2.5000000000000004,-0.37500000000000006
sell_3_optimized,2026-03-23 04:15:00,66726.14,68394.2935,stop_loss,24.0,-2.5000000000000004,-0.37500000000000006
sell_3_optimized,2026-03-23 04:15:00,66726.14,68394.2935,stop_loss,24.0,-2.5000000000000004,-0.37500000000000006
buy_3_optimized,2026-03-23 06:30:00,66498.15,70458.13,timeout,24.0,5.955022808905226,0.8932534213357839
buy_3_optimized,2026-03-23 06:30:00,66498.15,70458.13,timeout,24.0,5.955022808905226,0.8932534213357839
buy_3_optimized,2026-03-23 06:30:00,66498.15,70458.13,timeout,24.0,5.955022808905226,0.8932534213357839
buy_3_optimized,2026-03-23 06:30:00,66498.15,70458.13,timeout,24.0,5.955022808905226,0.8932534213357839
buy_3_optimized,2026-03-23 06:30:00,66498.15,70458.13,timeout,24.0,5.955022808905226,0.8932534213357839
sell_3_optimized,2026-03-23 08:05:00,66730.6,68398.865,stop_loss,24.0,-2.4999999999999987,-0.3749999999999998
sell_3_optimized,2026-03-23 08:05:00,66730.6,68398.865,stop_loss,24.0,-2.4999999999999987,-0.3749999999999998
sell_3_optimized,2026-03-23 08:05:00,66730.6,68398.865,stop_loss,24.0,-2.4999999999999987,-0.3749999999999998
sell_3_optimized,2026-03-23 11:15:00,66477.81,68139.75524999999,stop_loss,24.0,-2.4999999999999845,-0.37499999999999767
sell_3_optimized,2026-03-23 11:15:00,66477.81,68139.75524999999,stop_loss,24.0,-2.4999999999999845,-0.37499999999999767
sell_3_optimized,2026-03-23 11:15:00,66477.81,68139.75524999999,stop_loss,24.0,-2.4999999999999845,-0.37499999999999767
sell_3_optimized,2026-03-23 11:15:00,66477.81,68139.75524999999,stop_loss,24.0,-2.4999999999999845,-0.37499999999999767
sell_3_optimized,2026-03-23 11:15:00,66477.81,68139.75524999999,stop_loss,24.0,-2.4999999999999845,-0.37499999999999767
sell_3_optimized,2026-03-23 11:15:00,66477.81,68139.75524999999,stop_loss,24.0,-2.4999999999999845,-0.37499999999999767
sell_3_optimized,2026-03-23 11:15:00,66477.81,68139.75524999999,stop_loss,24.0,-2.4999999999999845,-0.37499999999999767
sell_3_optimized,2026-03-23 11:15:00,66477.81,68139.75524999999,stop_loss,24.0,-2.4999999999999845,-0.37499999999999767
sell_3_optimized,2026-03-23 11:15:00,66477.81,68139.75524999999,stop_loss,24.0,-2.4999999999999845,-0.37499999999999767
buy_3_optimized,2026-03-23 11:40:00,66323.3,71629.164,take_profit,24.0,8.000000000000002,1.2000000000000002
buy_3_optimized,2026-03-23 11:40:00,66323.3,71629.164,take_profit,24.0,8.000000000000002,1.2000000000000002
buy_3_optimized,2026-03-23 11:40:00,66323.3,71629.164,take_profit,24.0,8.000000000000002,1.2000000000000002
buy_3_optimized,2026-03-23 11:40:00,66323.3,71629.164,take_profit,24.0,8.000000000000002,1.2000000000000002
buy_3_optimized,2026-03-23 11:40:00,66323.3,71629.164,take_profit,24.0,8.000000000000002,1.2000000000000002
buy_3_optimized,2026-03-23 11:40:00,66323.3,71629.164,take_profit,24.0,8.000000000000002,1.2000000000000002
buy_3_optimized,2026-03-23 11:40:00,66323.3,71629.164,take_profit,24.0,8.000000000000002,1.2000000000000002
buy_3_optimized,2026-03-23 11:40:00,66323.3,71629.164,take_profit,24.0,8.000000000000002,1.2000000000000002
buy_3_optimized,2026-03-23 11:40:00,66323.3,71629.164,take_profit,24.0,8.000000000000002,1.2000000000000002
buy_3_optimized,2026-03-23 11:40:00,66323.3,71629.164,take_profit,24.0,8.000000000000002,1.2000000000000002
buy_3_optimized,2026-03-23 11:40:00,66323.3,71629.164,take_profit,24.0,8.000000000000002,1.2000000000000002
sell_3_optimized,2026-03-23 12:50:00,66675.96,68342.859,stop_loss,24.0,-2.4999999999999853,-0.3749999999999978
sell_3_optimized,2026-03-23 12:50:00,66675.96,68342.859,stop_loss,24.0,-2.4999999999999853,-0.3749999999999978
sell_3_optimized,2026-03-23 12:50:00,66675.96,68342.859,stop_loss,24.0,-2.4999999999999853,-0.3749999999999978
sell_3_optimized,2026-03-23 12:50:00,66675.96,68342.859,stop_loss,24.0,-2.4999999999999853,-0.3749999999999978
sell_3_optimized,2026-03-23 14:45:00,66168.42,67822.6305,stop_loss,24.0,-2.5000000000000013,-0.37500000000000017
buy_3_optimized,2026-03-26 13:25:00,66710.73,66697.8,timeout,24.0,-0.019382189341943967,-0.002907328401291595
sell_3_optimized,2026-03-26 16:30:00,67101.81,68779.35525,stop_loss,24.0,-2.4999999999999933,-0.374999999999999
sell_3_optimized,2026-03-26 16:30:00,67101.81,68779.35525,stop_loss,24.0,-2.4999999999999933,-0.374999999999999
sell_3_optimized,2026-03-26 16:30:00,67101.81,68779.35525,stop_loss,24.0,-2.4999999999999933,-0.374999999999999
buy_3_optimized,2026-03-26 18:25:00,66825.61,65763.5,timeout,24.0,-1.5893756899488094,-0.2384063534923214
buy_3_optimized,2026-03-26 18:25:00,66825.61,65763.5,timeout,24.0,-1.5893756899488094,-0.2384063534923214
buy_3_optimized,2026-03-26 18:25:00,66825.61,65763.5,timeout,24.0,-1.5893756899488094,-0.2384063534923214
sell_3_optimized,2026-03-26 19:35:00,67000.0,68675.0,stop_loss,24.0,-2.5,-0.375
sell_3_optimized,2026-03-26 19:35:00,67000.0,68675.0,stop_loss,24.0,-2.5,-0.375
sell_3_optimized,2026-03-26 19:35:00,67000.0,68675.0,stop_loss,24.0,-2.5,-0.375
sell_3_optimized,2026-03-26 20:20:00,66844.77,68515.88925,stop_loss,24.0,-2.499999999999983,-0.37499999999999745
sell_3_optimized,2026-03-26 21:10:00,66750.57,68419.33425,stop_loss,24.0,-2.499999999999989,-0.37499999999999833
sell_3_optimized,2026-03-26 21:10:00,66750.57,68419.33425,stop_loss,24.0,-2.499999999999989,-0.37499999999999833
buy_3_optimized,2026-03-26 23:05:00,66500.04,65988.59,timeout,24.0,-0.7690972817459917,-0.11536459226189874
buy_3_optimized,2026-03-26 23:05:00,66500.04,65988.59,timeout,24.0,-0.7690972817459917,-0.11536459226189874
buy_3_optimized,2026-03-26 23:05:00,66500.04,65988.59,timeout,24.0,-0.7690972817459917,-0.11536459226189874
buy_3_optimized,2026-03-26 23:05:00,66500.04,65988.59,timeout,24.0,-0.7690972817459917,-0.11536459226189874
buy_3_optimized,2026-03-26 23:05:00,66500.04,65988.59,timeout,24.0,-0.7690972817459917,-0.11536459226189874
buy_3_optimized,2026-03-26 23:05:00,66500.04,65988.59,timeout,24.0,-0.7690972817459917,-0.11536459226189874
buy_3_optimized,2026-03-26 23:05:00,66500.04,65988.59,timeout,24.0,-0.7690972817459917,-0.11536459226189874
buy_3_optimized,2026-03-26 23:05:00,66500.04,65988.59,timeout,24.0,-0.7690972817459917,-0.11536459226189874
buy_3_optimized,2026-03-26 23:05:00,66500.04,65988.59,timeout,24.0,-0.7690972817459917,-0.11536459226189874
sell_3_optimized,2026-03-26 23:30:00,66677.85,68344.79625,stop_loss,24.0,-2.4999999999999902,-0.3749999999999985
sell_3_optimized,2026-03-26 23:30:00,66677.85,68344.79625,stop_loss,24.0,-2.4999999999999902,-0.3749999999999985
sell_3_optimized,2026-03-26 23:30:00,66677.85,68344.79625,stop_loss,24.0,-2.4999999999999902,-0.3749999999999985
sell_3_optimized,2026-03-26 23:30:00,66677.85,68344.79625,stop_loss,24.0,-2.4999999999999902,-0.3749999999999985
sell_3_optimized,2026-03-26 23:30:00,66677.85,68344.79625,stop_loss,24.0,-2.4999999999999902,-0.3749999999999985
sell_3_optimized,2026-03-26 23:30:00,66677.85,68344.79625,stop_loss,24.0,-2.4999999999999902,-0.3749999999999985
buy_3_optimized,2026-03-27 05:15:00,66579.32,66224.57,timeout,24.0,-0.5328231048319507,-0.0799234657247926
buy_3_optimized,2026-03-27 05:15:00,66579.32,66224.57,timeout,24.0,-0.5328231048319507,-0.0799234657247926
buy_3_optimized,2026-03-27 05:15:00,66579.32,66224.57,timeout,24.0,-0.5328231048319507,-0.0799234657247926
buy_3_optimized,2026-03-27 05:15:00,66579.32,66224.57,timeout,24.0,-0.5328231048319507,-0.0799234657247926
buy_3_optimized,2026-03-27 05:15:00,66579.32,66224.57,timeout,24.0,-0.5328231048319507,-0.0799234657247926
buy_3_optimized,2026-03-27 05:15:00,66579.32,66224.57,timeout,24.0,-0.5328231048319507,-0.0799234657247926
sell_3_optimized,2026-03-27 05:45:00,66810.61,68480.87525,stop_loss,24.0,-2.499999999999995,-0.3749999999999993
buy_3_optimized,2026-03-27 07:15:00,66875.09,66472.31,timeout,24.0,-0.602287039912767,-0.09034305598691504
buy_3_optimized,2026-03-27 07:15:00,66875.09,66472.31,timeout,24.0,-0.602287039912767,-0.09034305598691504
buy_3_optimized,2026-03-27 07:15:00,66875.09,66472.31,timeout,24.0,-0.602287039912767,-0.09034305598691504
buy_3_optimized,2026-03-27 08:25:00,66931.4,66552.28,timeout,24.0,-0.5664307036756968,-0.08496460555135452
buy_3_optimized,2026-03-27 08:25:00,66931.4,66552.28,timeout,24.0,-0.5664307036756968,-0.08496460555135452
buy_3_optimized,2026-03-27 08:25:00,66931.4,66552.28,timeout,24.0,-0.5664307036756968,-0.08496460555135452
sell_3_optimized,2026-03-27 12:05:00,67067.0,66334.9,timeout,24.0,1.0915949721919957,0.16373924582879937
sell_3_optimized,2026-03-27 12:05:00,67067.0,66334.9,timeout,24.0,1.0915949721919957,0.16373924582879937
sell_3_optimized,2026-03-27 12:05:00,67067.0,66334.9,timeout,24.0,1.0915949721919957,0.16373924582879937
sell_3_optimized,2026-03-27 12:05:00,67067.0,66334.9,timeout,24.0,1.0915949721919957,0.16373924582879937
sell_3_optimized,2026-03-27 13:15:00,66919.49,66474.08,timeout,24.0,0.6655908465530797,0.09983862698296195
sell_3_optimized,2026-03-27 13:15:00,66919.49,66474.08,timeout,24.0,0.6655908465530797,0.09983862698296195
sell_3_optimized,2026-03-27 13:15:00,66919.49,66474.08,timeout,24.0,0.6655908465530797,0.09983862698296195
buy_3_optimized,2026-03-27 13:45:00,66826.13,66851.09,timeout,24.0,0.03735065909097512,0.005602598863646268
buy_3_optimized,2026-03-27 13:45:00,66826.13,66851.09,timeout,24.0,0.03735065909097512,0.005602598863646268
buy_3_optimized,2026-03-27 13:45:00,66826.13,66851.09,timeout,24.0,0.03735065909097512,0.005602598863646268
buy_3_optimized,2026-03-27 13:45:00,66826.13,66851.09,timeout,24.0,0.03735065909097512,0.005602598863646268
buy_3_optimized,2026-03-27 13:45:00,66826.13,66851.09,timeout,24.0,0.03735065909097512,0.005602598863646268
buy_3_optimized,2026-03-27 13:45:00,66826.13,66851.09,timeout,24.0,0.03735065909097512,0.005602598863646268
buy_3_optimized,2026-03-27 13:45:00,66826.13,66851.09,timeout,24.0,0.03735065909097512,0.005602598863646268
buy_3_optimized,2026-03-27 13:45:00,66826.13,66851.09,timeout,24.0,0.03735065909097512,0.005602598863646268
buy_3_optimized,2026-03-27 13:45:00,66826.13,66851.09,timeout,24.0,0.03735065909097512,0.005602598863646268
buy_3_optimized,2026-03-27 13:45:00,66826.13,66851.09,timeout,24.0,0.03735065909097512,0.005602598863646268
buy_3_optimized,2026-03-27 13:45:00,66826.13,66851.09,timeout,24.0,0.03735065909097512,0.005602598863646268
buy_3_optimized,2026-03-27 13:45:00,66826.13,66851.09,timeout,24.0,0.03735065909097512,0.005602598863646268
buy_3_optimized,2026-03-27 13:45:00,66826.13,66851.09,timeout,24.0,0.03735065909097512,0.005602598863646268
buy_3_optimized,2026-03-27 13:45:00,66826.13,66851.09,timeout,24.0,0.03735065909097512,0.005602598863646268
buy_3_optimized,2026-03-27 13:45:00,66826.13,66851.09,timeout,24.0,0.03735065909097512,0.005602598863646268
buy_3_optimized,2026-03-27 13:45:00,66826.13,66851.09,timeout,24.0,0.03735065909097512,0.005602598863646268
buy_3_optimized,2026-03-27 13:45:00,66826.13,66851.09,timeout,24.0,0.03735065909097512,0.005602598863646268
buy_3_optimized,2026-03-27 13:45:00,66826.13,66851.09,timeout,24.0,0.03735065909097512,0.005602598863646268
buy_3_optimized,2026-03-27 13:45:00,66826.13,66851.09,timeout,24.0,0.03735065909097512,0.005602598863646268
buy_3_optimized,2026-03-27 13:45:00,66826.13,66851.09,timeout,24.0,0.03735065909097512,0.005602598863646268
buy_3_optimized,2026-03-27 13:45:00,66826.13,66851.09,timeout,24.0,0.03735065909097512,0.005602598863646268
buy_3_optimized,2026-03-27 13:45:00,66826.13,66851.09,timeout,24.0,0.03735065909097512,0.005602598863646268
buy_3_optimized,2026-03-27 13:45:00,66826.13,66851.09,timeout,24.0,0.03735065909097512,0.005602598863646268
buy_3_optimized,2026-03-27 13:45:00,66826.13,66851.09,timeout,24.0,0.03735065909097512,0.005602598863646268
buy_3_optimized,2026-03-27 13:45:00,66826.13,66851.09,timeout,24.0,0.03735065909097512,0.005602598863646268
sell_3_optimized,2026-03-27 15:20:00,66919.41,67242.88,timeout,24.0,-0.48337246248883714,-0.07250586937332557
sell_3_optimized,2026-03-27 15:20:00,66919.41,67242.88,timeout,24.0,-0.48337246248883714,-0.07250586937332557
sell_3_optimized,2026-03-27 15:20:00,66919.41,67242.88,timeout,24.0,-0.48337246248883714,-0.07250586937332557
sell_3_optimized,2026-03-27 15:20:00,66919.41,67242.88,timeout,24.0,-0.48337246248883714,-0.07250586937332557
sell_3_optimized,2026-03-27 15:20:00,66919.41,67242.88,timeout,24.0,-0.48337246248883714,-0.07250586937332557
sell_3_optimized,2026-03-27 15:20:00,66919.41,67242.88,timeout,24.0,-0.48337246248883714,-0.07250586937332557
sell_3_optimized,2026-03-27 15:20:00,66919.41,67242.88,timeout,24.0,-0.48337246248883714,-0.07250586937332557
sell_3_optimized,2026-03-27 15:20:00,66919.41,67242.88,timeout,24.0,-0.48337246248883714,-0.07250586937332557
sell_3_optimized,2026-03-27 15:20:00,66919.41,67242.88,timeout,24.0,-0.48337246248883714,-0.07250586937332557
sell_3_optimized,2026-03-27 15:20:00,66919.41,67242.88,timeout,24.0,-0.48337246248883714,-0.07250586937332557
sell_3_optimized,2026-03-27 15:20:00,66919.41,67242.88,timeout,24.0,-0.48337246248883714,-0.07250586937332557
sell_3_optimized,2026-03-27 16:40:00,66910.22,66899.41,timeout,24.0,0.016155977367878438,0.0024233966051817658
sell_3_optimized,2026-03-27 16:40:00,66910.22,66899.41,timeout,24.0,0.016155977367878438,0.0024233966051817658
sell_3_optimized,2026-03-27 17:35:00,66897.64,66862.01,timeout,24.0,0.053260473762609055,0.007989071064391357
sell_3_optimized,2026-03-27 17:35:00,66897.64,66862.01,timeout,24.0,0.053260473762609055,0.007989071064391357
sell_3_optimized,2026-03-27 17:35:00,66897.64,66862.01,timeout,24.0,0.053260473762609055,0.007989071064391357
sell_3_optimized,2026-03-27 17:35:00,66897.64,66862.01,timeout,24.0,0.053260473762609055,0.007989071064391357
sell_3_optimized,2026-03-27 17:35:00,66897.64,66862.01,timeout,24.0,0.053260473762609055,0.007989071064391357
sell_3_optimized,2026-03-27 17:35:00,66897.64,66862.01,timeout,24.0,0.053260473762609055,0.007989071064391357
sell_3_optimized,2026-03-27 17:35:00,66897.64,66862.01,timeout,24.0,0.053260473762609055,0.007989071064391357
sell_3_optimized,2026-03-27 17:35:00,66897.64,66862.01,timeout,24.0,0.053260473762609055,0.007989071064391357
sell_3_optimized,2026-03-27 17:35:00,66897.64,66862.01,timeout,24.0,0.053260473762609055,0.007989071064391357
sell_3_optimized,2026-03-27 17:35:00,66897.64,66862.01,timeout,24.0,0.053260473762609055,0.007989071064391357
sell_3_optimized,2026-03-27 17:35:00,66897.64,66862.01,timeout,24.0,0.053260473762609055,0.007989071064391357
buy_3_optimized,2026-03-28 12:05:00,66611.66,66781.33,timeout,24.0,0.2547151654830374,0.03820727482245561
buy_3_optimized,2026-03-28 12:05:00,66611.66,66781.33,timeout,24.0,0.2547151654830374,0.03820727482245561
buy_3_optimized,2026-03-28 12:05:00,66611.66,66781.33,timeout,24.0,0.2547151654830374,0.03820727482245561
buy_3_optimized,2026-03-28 12:05:00,66611.66,66781.33,timeout,24.0,0.2547151654830374,0.03820727482245561
buy_3_optimized,2026-03-28 12:05:00,66611.66,66781.33,timeout,24.0,0.2547151654830374,0.03820727482245561
buy_3_optimized,2026-03-28 12:05:00,66611.66,66781.33,timeout,24.0,0.2547151654830374,0.03820727482245561
buy_3_optimized,2026-03-28 12:05:00,66611.66,66781.33,timeout,24.0,0.2547151654830374,0.03820727482245561
buy_3_optimized,2026-03-28 12:05:00,66611.66,66781.33,timeout,24.0,0.2547151654830374,0.03820727482245561
buy_3_optimized,2026-03-28 12:05:00,66611.66,66781.33,timeout,24.0,0.2547151654830374,0.03820727482245561
buy_3_optimized,2026-03-28 14:10:00,66860.23,66672.92,timeout,24.0,-0.28015159385481875,-0.042022739078222814
buy_3_optimized,2026-03-28 14:10:00,66860.23,66672.92,timeout,24.0,-0.28015159385481875,-0.042022739078222814
buy_3_optimized,2026-03-28 14:10:00,66860.23,66672.92,timeout,24.0,-0.28015159385481875,-0.042022739078222814
buy_3_optimized,2026-03-28 14:10:00,66860.23,66672.92,timeout,24.0,-0.28015159385481875,-0.042022739078222814
buy_3_optimized,2026-03-28 14:10:00,66860.23,66672.92,timeout,24.0,-0.28015159385481875,-0.042022739078222814
buy_3_optimized,2026-03-28 14:10:00,66860.23,66672.92,timeout,24.0,-0.28015159385481875,-0.042022739078222814
buy_3_optimized,2026-03-28 15:25:00,66968.35,66420.74,timeout,24.0,-0.8177146368396423,-0.12265719552594634
buy_3_optimized,2026-03-28 15:25:00,66968.35,66420.74,timeout,24.0,-0.8177146368396423,-0.12265719552594634
sell_3_optimized,2026-03-28 16:05:00,67150.0,66506.0,timeout,24.0,0.9590469099032017,0.14385703648548026
sell_3_optimized,2026-03-28 16:05:00,67150.0,66506.0,timeout,24.0,0.9590469099032017,0.14385703648548026
sell_3_optimized,2026-03-28 16:05:00,67150.0,66506.0,timeout,24.0,0.9590469099032017,0.14385703648548026
sell_3_optimized,2026-03-28 18:05:00,66963.8,66349.84,timeout,24.0,0.9168535835780024,0.13752803753670034
sell_3_optimized,2026-03-28 18:05:00,66963.8,66349.84,timeout,24.0,0.9168535835780024,0.13752803753670034
buy_3_optimized,2026-03-28 18:50:00,66820.54,66450.9,timeout,24.0,-0.5531831978610162,-0.08297747967915244
buy_3_optimized,2026-03-28 18:50:00,66820.54,66450.9,timeout,24.0,-0.5531831978610162,-0.08297747967915244
buy_3_optimized,2026-03-28 18:50:00,66820.54,66450.9,timeout,24.0,-0.5531831978610162,-0.08297747967915244
buy_3_optimized,2026-03-28 21:10:00,67188.28,66554.62,timeout,24.0,-0.9431109116054222,-0.1414666367408133
buy_3_optimized,2026-03-28 21:10:00,67188.28,66554.62,timeout,24.0,-0.9431109116054222,-0.1414666367408133
buy_3_optimized,2026-03-28 21:10:00,67188.28,66554.62,timeout,24.0,-0.9431109116054222,-0.1414666367408133
buy_3_optimized,2026-03-28 21:10:00,67188.28,66554.62,timeout,24.0,-0.9431109116054222,-0.1414666367408133
buy_3_optimized,2026-03-28 21:10:00,67188.28,66554.62,timeout,24.0,-0.9431109116054222,-0.1414666367408133
buy_3_optimized,2026-03-28 21:10:00,67188.28,66554.62,timeout,24.0,-0.9431109116054222,-0.1414666367408133
buy_3_optimized,2026-03-28 21:10:00,67188.28,66554.62,timeout,24.0,-0.9431109116054222,-0.1414666367408133
buy_3_optimized,2026-03-28 21:10:00,67188.28,66554.62,timeout,24.0,-0.9431109116054222,-0.1414666367408133
buy_3_optimized,2026-03-28 21:10:00,67188.28,66554.62,timeout,24.0,-0.9431109116054222,-0.1414666367408133
buy_3_optimized,2026-03-28 22:20:00,67276.67,66416.84,timeout,24.0,-1.2780507715378924,-0.19170761573068384
buy_3_optimized,2026-03-28 22:20:00,67276.67,66416.84,timeout,24.0,-1.2780507715378924,-0.19170761573068384
buy_3_optimized,2026-03-29 00:15:00,67347.05,65663.37375,stop_loss,24.0,-2.500000000000006,-0.37500000000000094
buy_3_optimized,2026-03-29 00:15:00,67347.05,65663.37375,stop_loss,24.0,-2.500000000000006,-0.37500000000000094
buy_3_optimized,2026-03-29 00:15:00,67347.05,65663.37375,stop_loss,24.0,-2.500000000000006,-0.37500000000000094
buy_3_optimized,2026-03-29 00:15:00,67347.05,65663.37375,stop_loss,24.0,-2.500000000000006,-0.37500000000000094
buy_3_optimized,2026-03-29 00:15:00,67347.05,65663.37375,stop_loss,24.0,-2.500000000000006,-0.37500000000000094
buy_3_optimized,2026-03-29 00:15:00,67347.05,65663.37375,stop_loss,24.0,-2.500000000000006,-0.37500000000000094
buy_3_optimized,2026-03-29 00:15:00,67347.05,65663.37375,stop_loss,24.0,-2.500000000000006,-0.37500000000000094
buy_3_optimized,2026-03-29 05:55:00,69086.0,67358.84999999999,stop_loss,24.0,-2.5000000000000124,-0.37500000000000183
buy_3_optimized,2026-03-29 05:55:00,69086.0,67358.84999999999,stop_loss,24.0,-2.5000000000000124,-0.37500000000000183
buy_3_optimized,2026-03-29 05:55:00,69086.0,67358.84999999999,stop_loss,24.0,-2.5000000000000124,-0.37500000000000183
buy_3_optimized,2026-03-29 05:55:00,69086.0,67358.84999999999,stop_loss,24.0,-2.5000000000000124,-0.37500000000000183
buy_3_optimized,2026-03-29 05:55:00,69086.0,67358.84999999999,stop_loss,24.0,-2.5000000000000124,-0.37500000000000183
buy_3_optimized,2026-03-29 05:55:00,69086.0,67358.84999999999,stop_loss,24.0,-2.5000000000000124,-0.37500000000000183
buy_3_optimized,2026-03-29 05:55:00,69086.0,67358.84999999999,stop_loss,24.0,-2.5000000000000124,-0.37500000000000183
buy_3_optimized,2026-03-29 05:55:00,69086.0,67358.84999999999,stop_loss,24.0,-2.5000000000000124,-0.37500000000000183
buy_3_optimized,2026-03-29 05:55:00,69086.0,67358.84999999999,stop_loss,24.0,-2.5000000000000124,-0.37500000000000183
buy_3_optimized,2026-03-29 05:55:00,69086.0,67358.84999999999,stop_loss,24.0,-2.5000000000000124,-0.37500000000000183
buy_3_optimized,2026-03-29 08:25:00,69081.88,67354.833,stop_loss,24.0,-2.5000000000000084,-0.3750000000000013
buy_3_optimized,2026-03-29 08:25:00,69081.88,67354.833,stop_loss,24.0,-2.5000000000000084,-0.3750000000000013
buy_3_optimized,2026-03-29 08:25:00,69081.88,67354.833,stop_loss,24.0,-2.5000000000000084,-0.3750000000000013
buy_3_optimized,2026-03-29 08:25:00,69081.88,67354.833,stop_loss,24.0,-2.5000000000000084,-0.3750000000000013
buy_3_optimized,2026-03-29 08:25:00,69081.88,67354.833,stop_loss,24.0,-2.5000000000000084,-0.3750000000000013
buy_3_optimized,2026-03-29 08:25:00,69081.88,67354.833,stop_loss,24.0,-2.5000000000000084,-0.3750000000000013
buy_3_optimized,2026-03-29 08:25:00,69081.88,67354.833,stop_loss,24.0,-2.5000000000000084,-0.3750000000000013
buy_3_optimized,2026-03-29 08:25:00,69081.88,67354.833,stop_loss,24.0,-2.5000000000000084,-0.3750000000000013
buy_3_optimized,2026-03-29 12:05:00,69329.23,67595.99925,stop_loss,24.0,-2.5000000000000036,-0.3750000000000005
buy_3_optimized,2026-03-29 12:05:00,69329.23,67595.99925,stop_loss,24.0,-2.5000000000000036,-0.3750000000000005
buy_3_optimized,2026-03-29 12:05:00,69329.23,67595.99925,stop_loss,24.0,-2.5000000000000036,-0.3750000000000005
buy_3_optimized,2026-03-29 12:05:00,69329.23,67595.99925,stop_loss,24.0,-2.5000000000000036,-0.3750000000000005
buy_3_optimized,2026-03-29 12:05:00,69329.23,67595.99925,stop_loss,24.0,-2.5000000000000036,-0.3750000000000005
buy_3_optimized,2026-03-29 12:05:00,69329.23,67595.99925,stop_loss,24.0,-2.5000000000000036,-0.3750000000000005
buy_3_optimized,2026-03-29 12:05:00,69329.23,67595.99925,stop_loss,24.0,-2.5000000000000036,-0.3750000000000005
buy_3_optimized,2026-03-29 12:05:00,69329.23,67595.99925,stop_loss,24.0,-2.5000000000000036,-0.3750000000000005
buy_3_optimized,2026-03-29 12:05:00,69329.23,67595.99925,stop_loss,24.0,-2.5000000000000036,-0.3750000000000005
buy_3_optimized,2026-03-29 12:05:00,69329.23,67595.99925,stop_loss,24.0,-2.5000000000000036,-0.3750000000000005
buy_3_optimized,2026-03-29 12:05:00,69329.23,67595.99925,stop_loss,24.0,-2.5000000000000036,-0.3750000000000005
buy_3_optimized,2026-03-29 12:05:00,69329.23,67595.99925,stop_loss,24.0,-2.5000000000000036,-0.3750000000000005
buy_3_optimized,2026-03-29 12:05:00,69329.23,67595.99925,stop_loss,24.0,-2.5000000000000036,-0.3750000000000005
buy_3_optimized,2026-03-29 12:05:00,69329.23,67595.99925,stop_loss,24.0,-2.5000000000000036,-0.3750000000000005
buy_3_optimized,2026-03-29 12:05:00,69329.23,67595.99925,stop_loss,24.0,-2.5000000000000036,-0.3750000000000005
buy_3_optimized,2026-03-29 12:05:00,69329.23,67595.99925,stop_loss,24.0,-2.5000000000000036,-0.3750000000000005
buy_3_optimized,2026-03-29 12:05:00,69329.23,67595.99925,stop_loss,24.0,-2.5000000000000036,-0.3750000000000005
buy_3_optimized,2026-03-29 12:05:00,69329.23,67595.99925,stop_loss,24.0,-2.5000000000000036,-0.3750000000000005
buy_3_optimized,2026-03-29 16:40:00,69479.49,67742.50275,stop_loss,24.0,-2.500000000000008,-0.37500000000000117
buy_3_optimized,2026-03-29 16:40:00,69479.49,67742.50275,stop_loss,24.0,-2.500000000000008,-0.37500000000000117
buy_3_optimized,2026-03-29 16:40:00,69479.49,67742.50275,stop_loss,24.0,-2.500000000000008,-0.37500000000000117
buy_3_optimized,2026-03-29 16:40:00,69479.49,67742.50275,stop_loss,24.0,-2.500000000000008,-0.37500000000000117
buy_3_optimized,2026-04-03 06:30:00,70821.05,69050.52375000001,stop_loss,24.0,-2.4999999999999933,-0.374999999999999
buy_3_optimized,2026-04-03 06:30:00,70821.05,69050.52375000001,stop_loss,24.0,-2.4999999999999933,-0.374999999999999
buy_3_optimized,2026-04-03 06:30:00,70821.05,69050.52375000001,stop_loss,24.0,-2.4999999999999933,-0.374999999999999
buy_3_optimized,2026-04-03 06:30:00,70821.05,69050.52375000001,stop_loss,24.0,-2.4999999999999933,-0.374999999999999
buy_3_optimized,2026-04-03 06:30:00,70821.05,69050.52375000001,stop_loss,24.0,-2.4999999999999933,-0.374999999999999
buy_3_optimized,2026-04-03 09:10:00,70952.39,69178.58025,stop_loss,24.0,-2.5000000000000004,-0.37500000000000006
buy_3_optimized,2026-04-03 09:10:00,70952.39,69178.58025,stop_loss,24.0,-2.5000000000000004,-0.37500000000000006
buy_3_optimized,2026-04-03 09:10:00,70952.39,69178.58025,stop_loss,24.0,-2.5000000000000004,-0.37500000000000006
buy_3_optimized,2026-04-03 09:10:00,70952.39,69178.58025,stop_loss,24.0,-2.5000000000000004,-0.37500000000000006
buy_3_optimized,2026-04-03 09:10:00,70952.39,69178.58025,stop_loss,24.0,-2.5000000000000004,-0.37500000000000006
buy_3_optimized,2026-04-03 09:10:00,70952.39,69178.58025,stop_loss,24.0,-2.5000000000000004,-0.37500000000000006
buy_3_optimized,2026-04-03 09:10:00,70952.39,69178.58025,stop_loss,24.0,-2.5000000000000004,-0.37500000000000006
buy_3_optimized,2026-04-03 09:10:00,70952.39,69178.58025,stop_loss,24.0,-2.5000000000000004,-0.37500000000000006
buy_3_optimized,2026-04-03 09:10:00,70952.39,69178.58025,stop_loss,24.0,-2.5000000000000004,-0.37500000000000006
buy_3_optimized,2026-04-03 09:10:00,70952.39,69178.58025,stop_loss,24.0,-2.5000000000000004,-0.37500000000000006
buy_3_optimized,2026-04-03 11:35:00,70571.66,68807.3685,stop_loss,24.0,-2.5000000000000093,-0.3750000000000014
buy_3_optimized,2026-04-03 11:35:00,70571.66,68807.3685,stop_loss,24.0,-2.5000000000000093,-0.3750000000000014
buy_3_optimized,2026-04-03 16:25:00,70672.72,68905.902,stop_loss,24.0,-2.499999999999999,-0.37499999999999983
buy_3_optimized,2026-04-03 16:25:00,70672.72,68905.902,stop_loss,24.0,-2.499999999999999,-0.37499999999999983
buy_3_optimized,2026-04-03 16:25:00,70672.72,68905.902,stop_loss,24.0,-2.499999999999999,-0.37499999999999983
buy_3_optimized,2026-04-03 16:25:00,70672.72,68905.902,stop_loss,24.0,-2.499999999999999,-0.37499999999999983
buy_3_optimized,2026-04-03 16:25:00,70672.72,68905.902,stop_loss,24.0,-2.499999999999999,-0.37499999999999983
buy_3_optimized,2026-04-03 16:25:00,70672.72,68905.902,stop_loss,24.0,-2.499999999999999,-0.37499999999999983
buy_3_optimized,2026-04-03 16:25:00,70672.72,68905.902,stop_loss,24.0,-2.499999999999999,-0.37499999999999983
buy_3_optimized,2026-04-03 16:25:00,70672.72,68905.902,stop_loss,24.0,-2.499999999999999,-0.37499999999999983
buy_3_optimized,2026-04-03 16:25:00,70672.72,68905.902,stop_loss,24.0,-2.499999999999999,-0.37499999999999983
buy_3_optimized,2026-04-03 16:25:00,70672.72,68905.902,stop_loss,24.0,-2.499999999999999,-0.37499999999999983
buy_3_optimized,2026-04-03 16:25:00,70672.72,68905.902,stop_loss,24.0,-2.499999999999999,-0.37499999999999983
buy_3_optimized,2026-04-03 16:25:00,70672.72,68905.902,stop_loss,24.0,-2.499999999999999,-0.37499999999999983
buy_3_optimized,2026-04-03 16:25:00,70672.72,68905.902,stop_loss,24.0,-2.499999999999999,-0.37499999999999983
buy_3_optimized,2026-04-03 16:25:00,70672.72,68905.902,stop_loss,24.0,-2.499999999999999,-0.37499999999999983
buy_3_optimized,2026-04-03 16:25:00,70672.72,68905.902,stop_loss,24.0,-2.499999999999999,-0.37499999999999983
buy_3_optimized,2026-04-03 16:25:00,70672.72,68905.902,stop_loss,24.0,-2.499999999999999,-0.37499999999999983
buy_3_optimized,2026-04-03 16:25:00,70672.72,68905.902,stop_loss,24.0,-2.499999999999999,-0.37499999999999983
sell_3_optimized,2026-04-03 18:15:00,70861.01,67354.61,timeout,24.0,4.948278326825985,0.7422417490238977
buy_3_optimized,2026-04-03 18:55:00,70566.99,68802.81525,stop_loss,24.0,-2.500000000000008,-0.37500000000000117
buy_3_optimized,2026-04-03 18:55:00,70566.99,68802.81525,stop_loss,24.0,-2.500000000000008,-0.37500000000000117
buy_3_optimized,2026-04-03 18:55:00,70566.99,68802.81525,stop_loss,24.0,-2.500000000000008,-0.37500000000000117
buy_3_optimized,2026-04-03 18:55:00,70566.99,68802.81525,stop_loss,24.0,-2.500000000000008,-0.37500000000000117
buy_3_optimized,2026-04-03 18:55:00,70566.99,68802.81525,stop_loss,24.0,-2.500000000000008,-0.37500000000000117
buy_3_optimized,2026-04-03 18:55:00,70566.99,68802.81525,stop_loss,24.0,-2.500000000000008,-0.37500000000000117
buy_3_optimized,2026-04-03 18:55:00,70566.99,68802.81525,stop_loss,24.0,-2.500000000000008,-0.37500000000000117
buy_3_optimized,2026-04-03 18:55:00,70566.99,68802.81525,stop_loss,24.0,-2.500000000000008,-0.37500000000000117
buy_3_optimized,2026-04-03 18:55:00,70566.99,68802.81525,stop_loss,24.0,-2.500000000000008,-0.37500000000000117
buy_3_optimized,2026-04-03 18:55:00,70566.99,68802.81525,stop_loss,24.0,-2.500000000000008,-0.37500000000000117
buy_3_optimized,2026-04-03 18:55:00,70566.99,68802.81525,stop_loss,24.0,-2.500000000000008,-0.37500000000000117
buy_3_optimized,2026-04-03 18:55:00,70566.99,68802.81525,stop_loss,24.0,-2.500000000000008,-0.37500000000000117
buy_3_optimized,2026-04-03 18:55:00,70566.99,68802.81525,stop_loss,24.0,-2.500000000000008,-0.37500000000000117
buy_3_optimized,2026-04-03 18:55:00,70566.99,68802.81525,stop_loss,24.0,-2.500000000000008,-0.37500000000000117
buy_3_optimized,2026-04-03 18:55:00,70566.99,68802.81525,stop_loss,24.0,-2.500000000000008,-0.37500000000000117
buy_3_optimized,2026-04-03 18:55:00,70566.99,68802.81525,stop_loss,24.0,-2.500000000000008,-0.37500000000000117
buy_3_optimized,2026-04-03 18:55:00,70566.99,68802.81525,stop_loss,24.0,-2.500000000000008,-0.37500000000000117
sell_3_optimized,2026-04-03 20:20:00,70846.9,67268.0,timeout,24.0,5.051597176446668,0.7577395764670002
sell_3_optimized,2026-04-03 20:20:00,70846.9,67268.0,timeout,24.0,5.051597176446668,0.7577395764670002
sell_3_optimized,2026-04-03 20:20:00,70846.9,67268.0,timeout,24.0,5.051597176446668,0.7577395764670002
buy_3_optimized,2026-04-03 21:00:00,70709.63,68941.88925000001,stop_loss,24.0,-2.499999999999996,-0.3749999999999994
buy_3_optimized,2026-04-03 21:00:00,70709.63,68941.88925000001,stop_loss,24.0,-2.499999999999996,-0.3749999999999994
buy_3_optimized,2026-04-03 21:00:00,70709.63,68941.88925000001,stop_loss,24.0,-2.499999999999996,-0.3749999999999994
buy_3_optimized,2026-04-03 21:00:00,70709.63,68941.88925000001,stop_loss,24.0,-2.499999999999996,-0.3749999999999994
buy_3_optimized,2026-04-03 21:00:00,70709.63,68941.88925000001,stop_loss,24.0,-2.499999999999996,-0.3749999999999994
buy_3_optimized,2026-04-03 21:00:00,70709.63,68941.88925000001,stop_loss,24.0,-2.499999999999996,-0.3749999999999994
buy_3_optimized,2026-04-03 21:00:00,70709.63,68941.88925000001,stop_loss,24.0,-2.499999999999996,-0.3749999999999994
buy_3_optimized,2026-04-03 21:00:00,70709.63,68941.88925000001,stop_loss,24.0,-2.499999999999996,-0.3749999999999994
buy_3_optimized,2026-04-03 21:00:00,70709.63,68941.88925000001,stop_loss,24.0,-2.499999999999996,-0.3749999999999994
buy_3_optimized,2026-04-03 21:00:00,70709.63,68941.88925000001,stop_loss,24.0,-2.499999999999996,-0.3749999999999994
buy_3_optimized,2026-04-03 21:00:00,70709.63,68941.88925000001,stop_loss,24.0,-2.499999999999996,-0.3749999999999994
buy_3_optimized,2026-04-03 21:00:00,70709.63,68941.88925000001,stop_loss,24.0,-2.499999999999996,-0.3749999999999994
buy_3_optimized,2026-04-03 21:00:00,70709.63,68941.88925000001,stop_loss,24.0,-2.499999999999996,-0.3749999999999994
buy_3_optimized,2026-04-03 21:00:00,70709.63,68941.88925000001,stop_loss,24.0,-2.499999999999996,-0.3749999999999994
buy_3_optimized,2026-04-03 21:00:00,70709.63,68941.88925000001,stop_loss,24.0,-2.499999999999996,-0.3749999999999994
buy_3_optimized,2026-04-03 21:00:00,70709.63,68941.88925000001,stop_loss,24.0,-2.499999999999996,-0.3749999999999994
buy_3_optimized,2026-04-03 21:00:00,70709.63,68941.88925000001,stop_loss,24.0,-2.499999999999996,-0.3749999999999994
buy_3_optimized,2026-04-03 21:00:00,70709.63,68941.88925000001,stop_loss,24.0,-2.499999999999996,-0.3749999999999994
buy_3_optimized,2026-04-03 21:00:00,70709.63,68941.88925000001,stop_loss,24.0,-2.499999999999996,-0.3749999999999994
buy_3_optimized,2026-04-03 21:00:00,70709.63,68941.88925000001,stop_loss,24.0,-2.499999999999996,-0.3749999999999994
buy_3_optimized,2026-04-03 21:00:00,70709.63,68941.88925000001,stop_loss,24.0,-2.499999999999996,-0.3749999999999994
buy_3_optimized,2026-04-03 21:00:00,70709.63,68941.88925000001,stop_loss,24.0,-2.499999999999996,-0.3749999999999994
buy_3_optimized,2026-04-03 21:00:00,70709.63,68941.88925000001,stop_loss,24.0,-2.499999999999996,-0.3749999999999994
buy_3_optimized,2026-04-03 21:00:00,70709.63,68941.88925000001,stop_loss,24.0,-2.499999999999996,-0.3749999999999994
buy_3_optimized,2026-04-03 21:00:00,70709.63,68941.88925000001,stop_loss,24.0,-2.499999999999996,-0.3749999999999994
buy_3_optimized,2026-04-03 21:00:00,70709.63,68941.88925000001,stop_loss,24.0,-2.499999999999996,-0.3749999999999994
buy_3_optimized,2026-04-03 23:20:00,71375.24,69590.859,stop_loss,24.0,-2.5000000000000115,-0.3750000000000017
buy_3_optimized,2026-04-03 23:20:00,71375.24,69590.859,stop_loss,24.0,-2.5000000000000115,-0.3750000000000017
buy_3_optimized,2026-04-03 23:20:00,71375.24,69590.859,stop_loss,24.0,-2.5000000000000115,-0.3750000000000017
buy_3_optimized,2026-04-04 01:15:00,72066.89,70265.21775,stop_loss,24.0,-2.5000000000000044,-0.37500000000000067
buy_3_optimized,2026-04-04 01:15:00,72066.89,70265.21775,stop_loss,24.0,-2.5000000000000044,-0.37500000000000067
buy_3_optimized,2026-04-04 02:55:00,72298.93,70491.45675,stop_loss,24.0,-2.499999999999994,-0.37499999999999906
buy_3_optimized,2026-04-04 02:55:00,72298.93,70491.45675,stop_loss,24.0,-2.499999999999994,-0.37499999999999906
buy_3_optimized,2026-04-04 02:55:00,72298.93,70491.45675,stop_loss,24.0,-2.499999999999994,-0.37499999999999906
buy_3_optimized,2026-04-04 02:55:00,72298.93,70491.45675,stop_loss,24.0,-2.499999999999994,-0.37499999999999906
buy_3_optimized,2026-04-04 02:55:00,72298.93,70491.45675,stop_loss,24.0,-2.499999999999994,-0.37499999999999906
buy_3_optimized,2026-04-04 02:55:00,72298.93,70491.45675,stop_loss,24.0,-2.499999999999994,-0.37499999999999906
buy_3_optimized,2026-04-04 05:00:00,73072.85,71246.02875,stop_loss,24.0,-2.500000000000011,-0.37500000000000167
buy_3_optimized,2026-04-04 05:00:00,73072.85,71246.02875,stop_loss,24.0,-2.500000000000011,-0.37500000000000167
buy_3_optimized,2026-04-04 05:00:00,73072.85,71246.02875,stop_loss,24.0,-2.500000000000011,-0.37500000000000167
buy_3_optimized,2026-04-04 05:00:00,73072.85,71246.02875,stop_loss,24.0,-2.500000000000011,-0.37500000000000167
buy_3_optimized,2026-04-04 05:00:00,73072.85,71246.02875,stop_loss,24.0,-2.500000000000011,-0.37500000000000167
buy_3_optimized,2026-04-04 05:00:00,73072.85,71246.02875,stop_loss,24.0,-2.500000000000011,-0.37500000000000167
buy_3_optimized,2026-04-04 05:00:00,73072.85,71246.02875,stop_loss,24.0,-2.500000000000011,-0.37500000000000167
buy_3_optimized,2026-04-04 05:00:00,73072.85,71246.02875,stop_loss,24.0,-2.500000000000011,-0.37500000000000167
buy_3_optimized,2026-04-04 05:00:00,73072.85,71246.02875,stop_loss,24.0,-2.500000000000011,-0.37500000000000167
buy_3_optimized,2026-04-04 05:00:00,73072.85,71246.02875,stop_loss,24.0,-2.500000000000011,-0.37500000000000167
buy_3_optimized,2026-04-04 08:45:00,74233.35,72377.51625,stop_loss,24.0,-2.5000000000000067,-0.375000000000001
buy_3_optimized,2026-04-04 08:45:00,74233.35,72377.51625,stop_loss,24.0,-2.5000000000000067,-0.375000000000001
buy_3_optimized,2026-04-04 08:45:00,74233.35,72377.51625,stop_loss,24.0,-2.5000000000000067,-0.375000000000001
buy_3_optimized,2026-04-04 11:55:00,74150.6,72296.835,stop_loss,24.0,-2.499999999999999,-0.37499999999999983
buy_3_optimized,2026-04-04 11:55:00,74150.6,72296.835,stop_loss,24.0,-2.499999999999999,-0.37499999999999983
buy_3_optimized,2026-04-04 11:55:00,74150.6,72296.835,stop_loss,24.0,-2.499999999999999,-0.37499999999999983
buy_3_optimized,2026-04-04 11:55:00,74150.6,72296.835,stop_loss,24.0,-2.499999999999999,-0.37499999999999983
buy_3_optimized,2026-04-04 11:55:00,74150.6,72296.835,stop_loss,24.0,-2.499999999999999,-0.37499999999999983
buy_3_optimized,2026-04-04 11:55:00,74150.6,72296.835,stop_loss,24.0,-2.499999999999999,-0.37499999999999983
buy_3_optimized,2026-04-04 11:55:00,74150.6,72296.835,stop_loss,24.0,-2.499999999999999,-0.37499999999999983
buy_3_optimized,2026-04-04 11:55:00,74150.6,72296.835,stop_loss,24.0,-2.499999999999999,-0.37499999999999983
buy_3_optimized,2026-04-04 11:55:00,74150.6,72296.835,stop_loss,24.0,-2.499999999999999,-0.37499999999999983
buy_3_optimized,2026-04-04 11:55:00,74150.6,72296.835,stop_loss,24.0,-2.499999999999999,-0.37499999999999983
buy_3_optimized,2026-04-04 11:55:00,74150.6,72296.835,stop_loss,24.0,-2.499999999999999,-0.37499999999999983
buy_3_optimized,2026-04-04 11:55:00,74150.6,72296.835,stop_loss,24.0,-2.499999999999999,-0.37499999999999983
buy_3_optimized,2026-04-04 11:55:00,74150.6,72296.835,stop_loss,24.0,-2.499999999999999,-0.37499999999999983
buy_3_optimized,2026-04-04 11:55:00,74150.6,72296.835,stop_loss,24.0,-2.499999999999999,-0.37499999999999983
buy_3_optimized,2026-04-04 11:55:00,74150.6,72296.835,stop_loss,24.0,-2.499999999999999,-0.37499999999999983
buy_3_optimized,2026-04-04 11:55:00,74150.6,72296.835,stop_loss,24.0,-2.499999999999999,-0.37499999999999983
buy_3_optimized,2026-04-04 11:55:00,74150.6,72296.835,stop_loss,24.0,-2.499999999999999,-0.37499999999999983
buy_3_optimized,2026-04-04 11:55:00,74150.6,72296.835,stop_loss,24.0,-2.499999999999999,-0.37499999999999983
buy_3_optimized,2026-04-04 11:55:00,74150.6,72296.835,stop_loss,24.0,-2.499999999999999,-0.37499999999999983
buy_3_optimized,2026-04-04 11:55:00,74150.6,72296.835,stop_loss,24.0,-2.499999999999999,-0.37499999999999983
buy_3_optimized,2026-04-04 11:55:00,74150.6,72296.835,stop_loss,24.0,-2.499999999999999,-0.37499999999999983
buy_3_optimized,2026-04-04 11:55:00,74150.6,72296.835,stop_loss,24.0,-2.499999999999999,-0.37499999999999983
buy_3_optimized,2026-04-04 11:55:00,74150.6,72296.835,stop_loss,24.0,-2.499999999999999,-0.37499999999999983
buy_3_optimized,2026-04-04 11:55:00,74150.6,72296.835,stop_loss,24.0,-2.499999999999999,-0.37499999999999983
buy_3_optimized,2026-04-04 11:55:00,74150.6,72296.835,stop_loss,24.0,-2.499999999999999,-0.37499999999999983
buy_3_optimized,2026-04-04 11:55:00,74150.6,72296.835,stop_loss,24.0,-2.499999999999999,-0.37499999999999983
buy_3_optimized,2026-04-04 11:55:00,74150.6,72296.835,stop_loss,24.0,-2.499999999999999,-0.37499999999999983
buy_3_optimized,2026-04-04 11:55:00,74150.6,72296.835,stop_loss,24.0,-2.499999999999999,-0.37499999999999983
buy_3_optimized,2026-04-04 11:55:00,74150.6,72296.835,stop_loss,24.0,-2.499999999999999,-0.37499999999999983
buy_3_optimized,2026-04-04 21:20:00,74244.63,72388.51425000001,stop_loss,24.0,-2.499999999999996,-0.3749999999999994
buy_3_optimized,2026-04-04 21:20:00,74244.63,72388.51425000001,stop_loss,24.0,-2.499999999999996,-0.3749999999999994
buy_3_optimized,2026-04-04 21:20:00,74244.63,72388.51425000001,stop_loss,24.0,-2.499999999999996,-0.3749999999999994
buy_3_optimized,2026-04-04 21:20:00,74244.63,72388.51425000001,stop_loss,24.0,-2.499999999999996,-0.3749999999999994
buy_3_optimized,2026-04-04 21:20:00,74244.63,72388.51425000001,stop_loss,24.0,-2.499999999999996,-0.3749999999999994
buy_3_optimized,2026-04-04 21:20:00,74244.63,72388.51425000001,stop_loss,24.0,-2.499999999999996,-0.3749999999999994
buy_3_optimized,2026-04-04 21:20:00,74244.63,72388.51425000001,stop_loss,24.0,-2.499999999999996,-0.3749999999999994
buy_3_optimized,2026-04-04 21:20:00,74244.63,72388.51425000001,stop_loss,24.0,-2.499999999999996,-0.3749999999999994
buy_3_optimized,2026-04-04 21:20:00,74244.63,72388.51425000001,stop_loss,24.0,-2.499999999999996,-0.3749999999999994
buy_3_optimized,2026-04-04 21:20:00,74244.63,72388.51425000001,stop_loss,24.0,-2.499999999999996,-0.3749999999999994
buy_3_optimized,2026-04-04 21:20:00,74244.63,72388.51425000001,stop_loss,24.0,-2.499999999999996,-0.3749999999999994
buy_3_optimized,2026-04-04 21:20:00,74244.63,72388.51425000001,stop_loss,24.0,-2.499999999999996,-0.3749999999999994
buy_3_optimized,2026-04-04 21:20:00,74244.63,72388.51425000001,stop_loss,24.0,-2.499999999999996,-0.3749999999999994
buy_3_optimized,2026-04-04 21:20:00,74244.63,72388.51425000001,stop_loss,24.0,-2.499999999999996,-0.3749999999999994
buy_3_optimized,2026-04-04 21:20:00,74244.63,72388.51425000001,stop_loss,24.0,-2.499999999999996,-0.3749999999999994
buy_3_optimized,2026-04-04 21:20:00,74244.63,72388.51425000001,stop_loss,24.0,-2.499999999999996,-0.3749999999999994
buy_3_optimized,2026-04-04 21:20:00,74244.63,72388.51425000001,stop_loss,24.0,-2.499999999999996,-0.3749999999999994
buy_3_optimized,2026-04-04 21:20:00,74244.63,72388.51425000001,stop_loss,24.0,-2.499999999999996,-0.3749999999999994
buy_3_optimized,2026-04-04 21:20:00,74244.63,72388.51425000001,stop_loss,24.0,-2.499999999999996,-0.3749999999999994
buy_3_optimized,2026-04-04 21:20:00,74244.63,72388.51425000001,stop_loss,24.0,-2.499999999999996,-0.3749999999999994
buy_3_optimized,2026-04-04 21:20:00,74244.63,72388.51425000001,stop_loss,24.0,-2.499999999999996,-0.3749999999999994
buy_3_optimized,2026-04-04 21:20:00,74244.63,72388.51425000001,stop_loss,24.0,-2.499999999999996,-0.3749999999999994
buy_3_optimized,2026-04-04 21:20:00,74244.63,72388.51425000001,stop_loss,24.0,-2.499999999999996,-0.3749999999999994
buy_3_optimized,2026-04-04 21:20:00,74244.63,72388.51425000001,stop_loss,24.0,-2.499999999999996,-0.3749999999999994
buy_3_optimized,2026-04-04 21:20:00,74244.63,72388.51425000001,stop_loss,24.0,-2.499999999999996,-0.3749999999999994
buy_3_optimized,2026-04-04 21:20:00,74244.63,72388.51425000001,stop_loss,24.0,-2.499999999999996,-0.3749999999999994
buy_3_optimized,2026-04-04 21:20:00,74244.63,72388.51425000001,stop_loss,24.0,-2.499999999999996,-0.3749999999999994
buy_3_optimized,2026-04-04 21:20:00,74244.63,72388.51425000001,stop_loss,24.0,-2.499999999999996,-0.3749999999999994
buy_3_optimized,2026-04-04 21:20:00,74244.63,72388.51425000001,stop_loss,24.0,-2.499999999999996,-0.3749999999999994
buy_3_optimized,2026-04-04 21:20:00,74244.63,72388.51425000001,stop_loss,24.0,-2.499999999999996,-0.3749999999999994
buy_3_optimized,2026-04-04 22:55:00,73882.79,72035.72025,stop_loss,24.0,-2.4999999999999933,-0.374999999999999
buy_3_optimized,2026-04-04 22:55:00,73882.79,72035.72025,stop_loss,24.0,-2.4999999999999933,-0.374999999999999
buy_3_optimized,2026-04-05 00:30:00,73951.64,72102.849,stop_loss,24.0,-2.4999999999999964,-0.37499999999999944
buy_3_optimized,2026-04-05 00:30:00,73951.64,72102.849,stop_loss,24.0,-2.4999999999999964,-0.37499999999999944
buy_3_optimized,2026-04-05 00:30:00,73951.64,72102.849,stop_loss,24.0,-2.4999999999999964,-0.37499999999999944
buy_3_optimized,2026-04-05 00:30:00,73951.64,72102.849,stop_loss,24.0,-2.4999999999999964,-0.37499999999999944
buy_3_optimized,2026-04-05 00:30:00,73951.64,72102.849,stop_loss,24.0,-2.4999999999999964,-0.37499999999999944
buy_3_optimized,2026-04-05 00:30:00,73951.64,72102.849,stop_loss,24.0,-2.4999999999999964,-0.37499999999999944
buy_3_optimized,2026-04-05 00:30:00,73951.64,72102.849,stop_loss,24.0,-2.4999999999999964,-0.37499999999999944
buy_3_optimized,2026-04-05 00:30:00,73951.64,72102.849,stop_loss,24.0,-2.4999999999999964,-0.37499999999999944
buy_3_optimized,2026-04-05 00:30:00,73951.64,72102.849,stop_loss,24.0,-2.4999999999999964,-0.37499999999999944
buy_3_optimized,2026-04-05 02:20:00,74037.12,72186.192,stop_loss,24.0,-2.5,-0.375
buy_3_optimized,2026-04-05 02:20:00,74037.12,72186.192,stop_loss,24.0,-2.5,-0.375
buy_3_optimized,2026-04-05 02:20:00,74037.12,72186.192,stop_loss,24.0,-2.5,-0.375
buy_3_optimized,2026-04-05 02:20:00,74037.12,72186.192,stop_loss,24.0,-2.5,-0.375
buy_3_optimized,2026-04-05 02:20:00,74037.12,72186.192,stop_loss,24.0,-2.5,-0.375
buy_3_optimized,2026-04-05 02:20:00,74037.12,72186.192,stop_loss,24.0,-2.5,-0.375
buy_3_optimized,2026-04-05 02:20:00,74037.12,72186.192,stop_loss,24.0,-2.5,-0.375
buy_3_optimized,2026-04-05 02:20:00,74037.12,72186.192,stop_loss,24.0,-2.5,-0.375
buy_3_optimized,2026-04-05 02:20:00,74037.12,72186.192,stop_loss,24.0,-2.5,-0.375
buy_3_optimized,2026-04-05 02:20:00,74037.12,72186.192,stop_loss,24.0,-2.5,-0.375
buy_3_optimized,2026-04-05 02:20:00,74037.12,72186.192,stop_loss,24.0,-2.5,-0.375
buy_3_optimized,2026-04-05 02:20:00,74037.12,72186.192,stop_loss,24.0,-2.5,-0.375
buy_3_optimized,2026-04-05 02:20:00,74037.12,72186.192,stop_loss,24.0,-2.5,-0.375
buy_3_optimized,2026-04-05 02:20:00,74037.12,72186.192,stop_loss,24.0,-2.5,-0.375
buy_3_optimized,2026-04-05 05:45:00,74207.19,72352.01025,stop_loss,24.0,-2.4999999999999942,-0.3749999999999991
buy_3_optimized,2026-04-05 05:45:00,74207.19,72352.01025,stop_loss,24.0,-2.4999999999999942,-0.3749999999999991
buy_3_optimized,2026-04-05 05:45:00,74207.19,72352.01025,stop_loss,24.0,-2.4999999999999942,-0.3749999999999991
buy_3_optimized,2026-04-05 05:45:00,74207.19,72352.01025,stop_loss,24.0,-2.4999999999999942,-0.3749999999999991
buy_3_optimized,2026-04-05 05:45:00,74207.19,72352.01025,stop_loss,24.0,-2.4999999999999942,-0.3749999999999991
buy_3_optimized,2026-04-05 05:45:00,74207.19,72352.01025,stop_loss,24.0,-2.4999999999999942,-0.3749999999999991
buy_3_optimized,2026-04-05 05:45:00,74207.19,72352.01025,stop_loss,24.0,-2.4999999999999942,-0.3749999999999991
buy_3_optimized,2026-04-05 05:45:00,74207.19,72352.01025,stop_loss,24.0,-2.4999999999999942,-0.3749999999999991
buy_3_optimized,2026-04-05 05:45:00,74207.19,72352.01025,stop_loss,24.0,-2.4999999999999942,-0.3749999999999991
buy_3_optimized,2026-04-05 05:45:00,74207.19,72352.01025,stop_loss,24.0,-2.4999999999999942,-0.3749999999999991
buy_3_optimized,2026-04-05 05:45:00,74207.19,72352.01025,stop_loss,24.0,-2.4999999999999942,-0.3749999999999991
buy_3_optimized,2026-04-05 05:45:00,74207.19,72352.01025,stop_loss,24.0,-2.4999999999999942,-0.3749999999999991
buy_3_optimized,2026-04-05 05:45:00,74207.19,72352.01025,stop_loss,24.0,-2.4999999999999942,-0.3749999999999991
buy_3_optimized,2026-04-05 05:45:00,74207.19,72352.01025,stop_loss,24.0,-2.4999999999999942,-0.3749999999999991
buy_3_optimized,2026-04-05 05:45:00,74207.19,72352.01025,stop_loss,24.0,-2.4999999999999942,-0.3749999999999991
buy_3_optimized,2026-04-05 05:45:00,74207.19,72352.01025,stop_loss,24.0,-2.4999999999999942,-0.3749999999999991
buy_3_optimized,2026-04-05 05:45:00,74207.19,72352.01025,stop_loss,24.0,-2.4999999999999942,-0.3749999999999991
buy_3_optimized,2026-04-05 05:45:00,74207.19,72352.01025,stop_loss,24.0,-2.4999999999999942,-0.3749999999999991
buy_3_optimized,2026-04-05 07:40:00,73855.49,72009.10275,stop_loss,24.0,-2.4999999999999996,-0.37499999999999994
buy_3_optimized,2026-04-05 07:40:00,73855.49,72009.10275,stop_loss,24.0,-2.4999999999999996,-0.37499999999999994
buy_3_optimized,2026-04-05 07:40:00,73855.49,72009.10275,stop_loss,24.0,-2.4999999999999996,-0.37499999999999994
buy_3_optimized,2026-04-05 07:40:00,73855.49,72009.10275,stop_loss,24.0,-2.4999999999999996,-0.37499999999999994
buy_3_optimized,2026-04-05 07:40:00,73855.49,72009.10275,stop_loss,24.0,-2.4999999999999996,-0.37499999999999994
buy_3_optimized,2026-04-05 07:40:00,73855.49,72009.10275,stop_loss,24.0,-2.4999999999999996,-0.37499999999999994
buy_3_optimized,2026-04-05 07:40:00,73855.49,72009.10275,stop_loss,24.0,-2.4999999999999996,-0.37499999999999994
buy_3_optimized,2026-04-05 07:40:00,73855.49,72009.10275,stop_loss,24.0,-2.4999999999999996,-0.37499999999999994
buy_3_optimized,2026-04-05 07:40:00,73855.49,72009.10275,stop_loss,24.0,-2.4999999999999996,-0.37499999999999994
buy_3_optimized,2026-04-05 07:40:00,73855.49,72009.10275,stop_loss,24.0,-2.4999999999999996,-0.37499999999999994
buy_3_optimized,2026-04-05 07:40:00,73855.49,72009.10275,stop_loss,24.0,-2.4999999999999996,-0.37499999999999994
buy_3_optimized,2026-04-05 07:40:00,73855.49,72009.10275,stop_loss,24.0,-2.4999999999999996,-0.37499999999999994
buy_3_optimized,2026-04-05 07:40:00,73855.49,72009.10275,stop_loss,24.0,-2.4999999999999996,-0.37499999999999994
buy_3_optimized,2026-04-05 07:40:00,73855.49,72009.10275,stop_loss,24.0,-2.4999999999999996,-0.37499999999999994
buy_3_optimized,2026-04-05 07:40:00,73855.49,72009.10275,stop_loss,24.0,-2.4999999999999996,-0.37499999999999994
buy_3_optimized,2026-04-05 07:40:00,73855.49,72009.10275,stop_loss,24.0,-2.4999999999999996,-0.37499999999999994
buy_3_optimized,2026-04-05 07:40:00,73855.49,72009.10275,stop_loss,24.0,-2.4999999999999996,-0.37499999999999994
buy_3_optimized,2026-04-05 07:40:00,73855.49,72009.10275,stop_loss,24.0,-2.4999999999999996,-0.37499999999999994
buy_3_optimized,2026-04-05 07:40:00,73855.49,72009.10275,stop_loss,24.0,-2.4999999999999996,-0.37499999999999994
sell_3_optimized,2026-04-05 10:05:00,74179.26,68244.9192,take_profit,24.0,7.999999999999988,1.1999999999999982
buy_3_optimized,2026-04-05 10:30:00,73789.5,71944.7625,stop_loss,24.0,-2.500000000000004,-0.3750000000000006
buy_3_optimized,2026-04-05 10:30:00,73789.5,71944.7625,stop_loss,24.0,-2.500000000000004,-0.3750000000000006
buy_3_optimized,2026-04-05 10:30:00,73789.5,71944.7625,stop_loss,24.0,-2.500000000000004,-0.3750000000000006
buy_3_optimized,2026-04-05 10:30:00,73789.5,71944.7625,stop_loss,24.0,-2.500000000000004,-0.3750000000000006
buy_3_optimized,2026-04-05 10:30:00,73789.5,71944.7625,stop_loss,24.0,-2.500000000000004,-0.3750000000000006
buy_3_optimized,2026-04-05 10:30:00,73789.5,71944.7625,stop_loss,24.0,-2.500000000000004,-0.3750000000000006
buy_3_optimized,2026-04-05 10:30:00,73789.5,71944.7625,stop_loss,24.0,-2.500000000000004,-0.3750000000000006
buy_3_optimized,2026-04-05 10:30:00,73789.5,71944.7625,stop_loss,24.0,-2.500000000000004,-0.3750000000000006
buy_3_optimized,2026-04-05 10:30:00,73789.5,71944.7625,stop_loss,24.0,-2.500000000000004,-0.3750000000000006
buy_3_optimized,2026-04-05 10:30:00,73789.5,71944.7625,stop_loss,24.0,-2.500000000000004,-0.3750000000000006
buy_3_optimized,2026-04-05 10:30:00,73789.5,71944.7625,stop_loss,24.0,-2.500000000000004,-0.3750000000000006
buy_3_optimized,2026-04-05 13:10:00,73817.23,71971.79925,stop_loss,24.0,-2.4999999999999996,-0.37499999999999994
buy_3_optimized,2026-04-05 13:10:00,73817.23,71971.79925,stop_loss,24.0,-2.4999999999999996,-0.37499999999999994
buy_3_optimized,2026-04-05 13:10:00,73817.23,71971.79925,stop_loss,24.0,-2.4999999999999996,-0.37499999999999994
buy_3_optimized,2026-04-05 13:10:00,73817.23,71971.79925,stop_loss,24.0,-2.4999999999999996,-0.37499999999999994
buy_3_optimized,2026-04-05 13:10:00,73817.23,71971.79925,stop_loss,24.0,-2.4999999999999996,-0.37499999999999994
buy_3_optimized,2026-04-05 13:10:00,73817.23,71971.79925,stop_loss,24.0,-2.4999999999999996,-0.37499999999999994
buy_3_optimized,2026-04-05 13:10:00,73817.23,71971.79925,stop_loss,24.0,-2.4999999999999996,-0.37499999999999994
buy_3_optimized,2026-04-05 13:10:00,73817.23,71971.79925,stop_loss,24.0,-2.4999999999999996,-0.37499999999999994
buy_3_optimized,2026-04-05 13:10:00,73817.23,71971.79925,stop_loss,24.0,-2.4999999999999996,-0.37499999999999994
buy_3_optimized,2026-04-05 13:10:00,73817.23,71971.79925,stop_loss,24.0,-2.4999999999999996,-0.37499999999999994
buy_3_optimized,2026-04-05 13:10:00,73817.23,71971.79925,stop_loss,24.0,-2.4999999999999996,-0.37499999999999994
buy_3_optimized,2026-04-05 16:55:00,73916.96,72069.03600000001,stop_loss,24.0,-2.4999999999999982,-0.3749999999999997
buy_3_optimized,2026-04-05 16:55:00,73916.96,72069.03600000001,stop_loss,24.0,-2.4999999999999982,-0.3749999999999997
buy_3_optimized,2026-04-05 16:55:00,73916.96,72069.03600000001,stop_loss,24.0,-2.4999999999999982,-0.3749999999999997
buy_3_optimized,2026-04-05 16:55:00,73916.96,72069.03600000001,stop_loss,24.0,-2.4999999999999982,-0.3749999999999997
buy_3_optimized,2026-04-05 19:30:00,74606.51,72741.34724999999,stop_loss,24.0,-2.5000000000000044,-0.37500000000000067
buy_3_optimized,2026-04-05 19:30:00,74606.51,72741.34724999999,stop_loss,24.0,-2.5000000000000044,-0.37500000000000067
buy_3_optimized,2026-04-05 19:30:00,74606.51,72741.34724999999,stop_loss,24.0,-2.5000000000000044,-0.37500000000000067
buy_3_optimized,2026-04-05 19:30:00,74606.51,72741.34724999999,stop_loss,24.0,-2.5000000000000044,-0.37500000000000067
buy_3_optimized,2026-04-05 19:30:00,74606.51,72741.34724999999,stop_loss,24.0,-2.5000000000000044,-0.37500000000000067
buy_3_optimized,2026-04-06 00:50:00,74839.51,72968.52225,stop_loss,24.0,-2.5000000000000004,-0.37500000000000006
buy_3_optimized,2026-04-06 00:50:00,74839.51,72968.52225,stop_loss,24.0,-2.5000000000000004,-0.37500000000000006
buy_3_optimized,2026-04-06 00:50:00,74839.51,72968.52225,stop_loss,24.0,-2.5000000000000004,-0.37500000000000006
buy_3_optimized,2026-04-06 00:50:00,74839.51,72968.52225,stop_loss,24.0,-2.5000000000000004,-0.37500000000000006
buy_3_optimized,2026-04-06 00:50:00,74839.51,72968.52225,stop_loss,24.0,-2.5000000000000004,-0.37500000000000006
buy_3_optimized,2026-04-06 00:50:00,74839.51,72968.52225,stop_loss,24.0,-2.5000000000000004,-0.37500000000000006
buy_3_optimized,2026-04-06 00:50:00,74839.51,72968.52225,stop_loss,24.0,-2.5000000000000004,-0.37500000000000006
buy_3_optimized,2026-04-06 00:50:00,74839.51,72968.52225,stop_loss,24.0,-2.5000000000000004,-0.37500000000000006
buy_3_optimized,2026-04-06 00:50:00,74839.51,72968.52225,stop_loss,24.0,-2.5000000000000004,-0.37500000000000006
buy_3_optimized,2026-04-06 00:50:00,74839.51,72968.52225,stop_loss,24.0,-2.5000000000000004,-0.37500000000000006
buy_3_optimized,2026-04-06 00:50:00,74839.51,72968.52225,stop_loss,24.0,-2.5000000000000004,-0.37500000000000006
buy_3_optimized,2026-04-06 00:50:00,74839.51,72968.52225,stop_loss,24.0,-2.5000000000000004,-0.37500000000000006
buy_3_optimized,2026-04-06 00:50:00,74839.51,72968.52225,stop_loss,24.0,-2.5000000000000004,-0.37500000000000006
buy_3_optimized,2026-04-06 00:50:00,74839.51,72968.52225,stop_loss,24.0,-2.5000000000000004,-0.37500000000000006
buy_3_optimized,2026-04-06 06:20:00,74285.01,72427.88475,stop_loss,24.0,-2.4999999999999964,-0.37499999999999944
buy_3_optimized,2026-04-06 06:20:00,74285.01,72427.88475,stop_loss,24.0,-2.4999999999999964,-0.37499999999999944
buy_3_optimized,2026-04-06 06:20:00,74285.01,72427.88475,stop_loss,24.0,-2.4999999999999964,-0.37499999999999944
buy_3_optimized,2026-04-06 06:20:00,74285.01,72427.88475,stop_loss,24.0,-2.4999999999999964,-0.37499999999999944
buy_3_optimized,2026-04-06 06:20:00,74285.01,72427.88475,stop_loss,24.0,-2.4999999999999964,-0.37499999999999944
buy_3_optimized,2026-04-06 06:20:00,74285.01,72427.88475,stop_loss,24.0,-2.4999999999999964,-0.37499999999999944
buy_3_optimized,2026-04-06 06:20:00,74285.01,72427.88475,stop_loss,24.0,-2.4999999999999964,-0.37499999999999944
buy_3_optimized,2026-04-06 06:20:00,74285.01,72427.88475,stop_loss,24.0,-2.4999999999999964,-0.37499999999999944
buy_3_optimized,2026-04-06 06:20:00,74285.01,72427.88475,stop_loss,24.0,-2.4999999999999964,-0.37499999999999944
buy_3_optimized,2026-04-06 06:20:00,74285.01,72427.88475,stop_loss,24.0,-2.4999999999999964,-0.37499999999999944
buy_3_optimized,2026-04-06 06:20:00,74285.01,72427.88475,stop_loss,24.0,-2.4999999999999964,-0.37499999999999944
buy_3_optimized,2026-04-06 06:20:00,74285.01,72427.88475,stop_loss,24.0,-2.4999999999999964,-0.37499999999999944
buy_3_optimized,2026-04-06 06:20:00,74285.01,72427.88475,stop_loss,24.0,-2.4999999999999964,-0.37499999999999944
buy_3_optimized,2026-04-06 11:30:00,74096.01,72243.60974999999,stop_loss,24.0,-2.5000000000000084,-0.3750000000000013
buy_3_optimized,2026-04-06 11:30:00,74096.01,72243.60974999999,stop_loss,24.0,-2.5000000000000084,-0.3750000000000013
buy_3_optimized,2026-04-06 11:30:00,74096.01,72243.60974999999,stop_loss,24.0,-2.5000000000000084,-0.3750000000000013
buy_3_optimized,2026-04-06 15:35:00,74840.92,72969.897,stop_loss,24.0,-2.5000000000000013,-0.37500000000000017
buy_3_optimized,2026-04-06 15:35:00,74840.92,72969.897,stop_loss,24.0,-2.5000000000000013,-0.37500000000000017
buy_3_optimized,2026-04-06 15:35:00,74840.92,72969.897,stop_loss,24.0,-2.5000000000000013,-0.37500000000000017
buy_3_optimized,2026-04-06 15:35:00,74840.92,72969.897,stop_loss,24.0,-2.5000000000000013,-0.37500000000000017
buy_3_optimized,2026-04-06 15:35:00,74840.92,72969.897,stop_loss,24.0,-2.5000000000000013,-0.37500000000000017
buy_3_optimized,2026-04-06 15:35:00,74840.92,72969.897,stop_loss,24.0,-2.5000000000000013,-0.37500000000000017
buy_3_optimized,2026-04-06 15:35:00,74840.92,72969.897,stop_loss,24.0,-2.5000000000000013,-0.37500000000000017
buy_3_optimized,2026-04-06 15:35:00,74840.92,72969.897,stop_loss,24.0,-2.5000000000000013,-0.37500000000000017
buy_3_optimized,2026-04-06 15:35:00,74840.92,72969.897,stop_loss,24.0,-2.5000000000000013,-0.37500000000000017
buy_3_optimized,2026-04-06 22:00:00,74935.73,73062.33674999999,stop_loss,24.0,-2.500000000000011,-0.37500000000000167
buy_3_optimized,2026-04-06 22:00:00,74935.73,73062.33674999999,stop_loss,24.0,-2.500000000000011,-0.37500000000000167
buy_3_optimized,2026-04-06 22:00:00,74935.73,73062.33674999999,stop_loss,24.0,-2.500000000000011,-0.37500000000000167
buy_3_optimized,2026-04-07 00:20:00,74993.24,73118.409,stop_loss,24.0,-2.5000000000000075,-0.3750000000000011
buy_3_optimized,2026-04-07 00:20:00,74993.24,73118.409,stop_loss,24.0,-2.5000000000000075,-0.3750000000000011
buy_3_optimized,2026-04-07 00:20:00,74993.24,73118.409,stop_loss,24.0,-2.5000000000000075,-0.3750000000000011
buy_3_optimized,2026-04-07 00:20:00,74993.24,73118.409,stop_loss,24.0,-2.5000000000000075,-0.3750000000000011
buy_3_optimized,2026-04-07 00:20:00,74993.24,73118.409,stop_loss,24.0,-2.5000000000000075,-0.3750000000000011
buy_3_optimized,2026-04-07 00:20:00,74993.24,73118.409,stop_loss,24.0,-2.5000000000000075,-0.3750000000000011
buy_3_optimized,2026-04-07 00:20:00,74993.24,73118.409,stop_loss,24.0,-2.5000000000000075,-0.3750000000000011
buy_3_optimized,2026-04-07 00:20:00,74993.24,73118.409,stop_loss,24.0,-2.5000000000000075,-0.3750000000000011
buy_3_optimized,2026-04-07 00:20:00,74993.24,73118.409,stop_loss,24.0,-2.5000000000000075,-0.3750000000000011
buy_3_optimized,2026-04-07 00:20:00,74993.24,73118.409,stop_loss,24.0,-2.5000000000000075,-0.3750000000000011
buy_3_optimized,2026-04-07 00:20:00,74993.24,73118.409,stop_loss,24.0,-2.5000000000000075,-0.3750000000000011
buy_3_optimized,2026-04-07 00:20:00,74993.24,73118.409,stop_loss,24.0,-2.5000000000000075,-0.3750000000000011
buy_3_optimized,2026-04-07 01:15:00,75376.79,73492.37024999999,stop_loss,24.0,-2.5000000000000013,-0.37500000000000017
buy_3_optimized,2026-04-07 01:15:00,75376.79,73492.37024999999,stop_loss,24.0,-2.5000000000000013,-0.37500000000000017
buy_3_optimized,2026-04-07 01:15:00,75376.79,73492.37024999999,stop_loss,24.0,-2.5000000000000013,-0.37500000000000017
buy_3_optimized,2026-04-07 20:45:00,76050.0,74148.75,stop_loss,24.0,-2.5,-0.375
buy_3_optimized,2026-04-07 20:45:00,76050.0,74148.75,stop_loss,24.0,-2.5,-0.375
buy_3_optimized,2026-04-07 20:45:00,76050.0,74148.75,stop_loss,24.0,-2.5,-0.375
buy_3_optimized,2026-04-07 22:20:00,75959.68,74060.688,stop_loss,24.0,-2.4999999999999982,-0.3749999999999997
buy_3_optimized,2026-04-07 22:20:00,75959.68,74060.688,stop_loss,24.0,-2.4999999999999982,-0.3749999999999997
buy_3_optimized,2026-04-07 22:20:00,75959.68,74060.688,stop_loss,24.0,-2.4999999999999982,-0.3749999999999997
buy_3_optimized,2026-04-07 22:20:00,75959.68,74060.688,stop_loss,24.0,-2.4999999999999982,-0.3749999999999997
buy_3_optimized,2026-04-07 22:20:00,75959.68,74060.688,stop_loss,24.0,-2.4999999999999982,-0.3749999999999997
buy_3_optimized,2026-04-08 04:35:00,75608.89,73718.66775,stop_loss,24.0,-2.500000000000008,-0.37500000000000117
buy_3_optimized,2026-04-08 04:35:00,75608.89,73718.66775,stop_loss,24.0,-2.500000000000008,-0.37500000000000117
buy_3_optimized,2026-04-08 04:35:00,75608.89,73718.66775,stop_loss,24.0,-2.500000000000008,-0.37500000000000117
buy_3_optimized,2026-04-08 04:35:00,75608.89,73718.66775,stop_loss,24.0,-2.500000000000008,-0.37500000000000117
buy_3_optimized,2026-04-08 04:35:00,75608.89,73718.66775,stop_loss,24.0,-2.500000000000008,-0.37500000000000117
buy_3_optimized,2026-04-08 04:35:00,75608.89,73718.66775,stop_loss,24.0,-2.500000000000008,-0.37500000000000117
buy_3_optimized,2026-04-08 04:35:00,75608.89,73718.66775,stop_loss,24.0,-2.500000000000008,-0.37500000000000117
buy_3_optimized,2026-04-08 04:35:00,75608.89,73718.66775,stop_loss,24.0,-2.500000000000008,-0.37500000000000117
buy_3_optimized,2026-04-08 04:35:00,75608.89,73718.66775,stop_loss,24.0,-2.500000000000008,-0.37500000000000117
buy_3_optimized,2026-04-08 04:35:00,75608.89,73718.66775,stop_loss,24.0,-2.500000000000008,-0.37500000000000117
buy_3_optimized,2026-04-08 04:35:00,75608.89,73718.66775,stop_loss,24.0,-2.500000000000008,-0.37500000000000117
buy_3_optimized,2026-04-08 04:35:00,75608.89,73718.66775,stop_loss,24.0,-2.500000000000008,-0.37500000000000117
buy_3_optimized,2026-04-08 04:35:00,75608.89,73718.66775,stop_loss,24.0,-2.500000000000008,-0.37500000000000117
buy_3_optimized,2026-04-08 04:35:00,75608.89,73718.66775,stop_loss,24.0,-2.500000000000008,-0.37500000000000117
buy_3_optimized,2026-04-08 04:35:00,75608.89,73718.66775,stop_loss,24.0,-2.500000000000008,-0.37500000000000117
buy_3_optimized,2026-04-08 04:35:00,75608.89,73718.66775,stop_loss,24.0,-2.500000000000008,-0.37500000000000117
buy_3_optimized,2026-04-08 04:35:00,75608.89,73718.66775,stop_loss,24.0,-2.500000000000008,-0.37500000000000117
buy_3_optimized,2026-04-08 04:35:00,75608.89,73718.66775,stop_loss,24.0,-2.500000000000008,-0.37500000000000117
buy_3_optimized,2026-04-08 08:45:00,75468.85,73582.12875,stop_loss,24.0,-2.500000000000003,-0.37500000000000044
buy_3_optimized,2026-04-08 08:45:00,75468.85,73582.12875,stop_loss,24.0,-2.500000000000003,-0.37500000000000044
buy_3_optimized,2026-04-08 08:45:00,75468.85,73582.12875,stop_loss,24.0,-2.500000000000003,-0.37500000000000044
buy_3_optimized,2026-04-08 08:45:00,75468.85,73582.12875,stop_loss,24.0,-2.500000000000003,-0.37500000000000044
buy_3_optimized,2026-04-08 08:45:00,75468.85,73582.12875,stop_loss,24.0,-2.500000000000003,-0.37500000000000044
buy_3_optimized,2026-04-08 08:45:00,75468.85,73582.12875,stop_loss,24.0,-2.500000000000003,-0.37500000000000044
sell_3_optimized,2026-04-08 14:25:00,75664.98,70633.1,timeout,24.0,6.650209912168073,0.9975314868252109
buy_3_optimized,2026-04-08 15:35:00,75343.31,73459.72725,stop_loss,24.0,-2.5000000000000018,-0.3750000000000003
buy_3_optimized,2026-04-08 15:35:00,75343.31,73459.72725,stop_loss,24.0,-2.5000000000000018,-0.3750000000000003
buy_3_optimized,2026-04-09 00:55:00,74150.0,72296.25,stop_loss,24.0,-2.5,-0.375
buy_3_optimized,2026-04-09 00:55:00,74150.0,72296.25,stop_loss,24.0,-2.5,-0.375
buy_3_optimized,2026-04-09 00:55:00,74150.0,72296.25,stop_loss,24.0,-2.5,-0.375
buy_3_optimized,2026-04-09 00:55:00,74150.0,72296.25,stop_loss,24.0,-2.5,-0.375
buy_3_optimized,2026-04-09 00:55:00,74150.0,72296.25,stop_loss,24.0,-2.5,-0.375
buy_3_optimized,2026-04-09 00:55:00,74150.0,72296.25,stop_loss,24.0,-2.5,-0.375
buy_3_optimized,2026-04-09 00:55:00,74150.0,72296.25,stop_loss,24.0,-2.5,-0.375
buy_3_optimized,2026-04-09 00:55:00,74150.0,72296.25,stop_loss,24.0,-2.5,-0.375
buy_3_optimized,2026-04-09 00:55:00,74150.0,72296.25,stop_loss,24.0,-2.5,-0.375
buy_3_optimized,2026-04-09 00:55:00,74150.0,72296.25,stop_loss,24.0,-2.5,-0.375
buy_3_optimized,2026-04-09 00:55:00,74150.0,72296.25,stop_loss,24.0,-2.5,-0.375
buy_3_optimized,2026-04-09 00:55:00,74150.0,72296.25,stop_loss,24.0,-2.5,-0.375
buy_3_optimized,2026-04-09 00:55:00,74150.0,72296.25,stop_loss,24.0,-2.5,-0.375
buy_3_optimized,2026-04-09 00:55:00,74150.0,72296.25,stop_loss,24.0,-2.5,-0.375
buy_3_optimized,2026-04-09 00:55:00,74150.0,72296.25,stop_loss,24.0,-2.5,-0.375
buy_3_optimized,2026-04-09 00:55:00,74150.0,72296.25,stop_loss,24.0,-2.5,-0.375
buy_3_optimized,2026-04-09 00:55:00,74150.0,72296.25,stop_loss,24.0,-2.5,-0.375
buy_3_optimized,2026-04-09 00:55:00,74150.0,72296.25,stop_loss,24.0,-2.5,-0.375
buy_3_optimized,2026-04-09 00:55:00,74150.0,72296.25,stop_loss,24.0,-2.5,-0.375
buy_3_optimized,2026-04-09 03:30:00,74435.19,72574.31025,stop_loss,24.0,-2.5000000000000098,-0.37500000000000144
buy_3_optimized,2026-04-09 03:30:00,74435.19,72574.31025,stop_loss,24.0,-2.5000000000000098,-0.37500000000000144
buy_3_optimized,2026-04-09 03:30:00,74435.19,72574.31025,stop_loss,24.0,-2.5000000000000098,-0.37500000000000144
buy_3_optimized,2026-04-09 03:30:00,74435.19,72574.31025,stop_loss,24.0,-2.5000000000000098,-0.37500000000000144
buy_3_optimized,2026-04-09 03:30:00,74435.19,72574.31025,stop_loss,24.0,-2.5000000000000098,-0.37500000000000144
buy_3_optimized,2026-04-09 03:30:00,74435.19,72574.31025,stop_loss,24.0,-2.5000000000000098,-0.37500000000000144
buy_3_optimized,2026-04-09 03:30:00,74435.19,72574.31025,stop_loss,24.0,-2.5000000000000098,-0.37500000000000144
buy_3_optimized,2026-04-09 03:30:00,74435.19,72574.31025,stop_loss,24.0,-2.5000000000000098,-0.37500000000000144
sell_3_optimized,2026-04-09 03:55:00,74610.17,71868.67,timeout,24.0,3.6744320512873783,0.5511648076931067
sell_3_optimized,2026-04-09 03:55:00,74610.17,71868.67,timeout,24.0,3.6744320512873783,0.5511648076931067
sell_3_optimized,2026-04-09 03:55:00,74610.17,71868.67,timeout,24.0,3.6744320512873783,0.5511648076931067
sell_3_optimized,2026-04-09 03:55:00,74610.17,71868.67,timeout,24.0,3.6744320512873783,0.5511648076931067
buy_3_optimized,2026-04-09 06:00:00,74654.81,72788.43974999999,stop_loss,24.0,-2.5000000000000098,-0.37500000000000144
buy_3_optimized,2026-04-09 06:00:00,74654.81,72788.43974999999,stop_loss,24.0,-2.5000000000000098,-0.37500000000000144
buy_3_optimized,2026-04-09 06:00:00,74654.81,72788.43974999999,stop_loss,24.0,-2.5000000000000098,-0.37500000000000144
buy_3_optimized,2026-04-09 06:00:00,74654.81,72788.43974999999,stop_loss,24.0,-2.5000000000000098,-0.37500000000000144
buy_3_optimized,2026-04-09 06:00:00,74654.81,72788.43974999999,stop_loss,24.0,-2.5000000000000098,-0.37500000000000144
buy_3_optimized,2026-04-09 06:00:00,74654.81,72788.43974999999,stop_loss,24.0,-2.5000000000000098,-0.37500000000000144
buy_3_optimized,2026-04-09 07:45:00,74976.34,73101.93149999999,stop_loss,24.0,-2.5000000000000067,-0.375000000000001
buy_3_optimized,2026-04-09 07:45:00,74976.34,73101.93149999999,stop_loss,24.0,-2.5000000000000067,-0.375000000000001
buy_3_optimized,2026-04-09 07:45:00,74976.34,73101.93149999999,stop_loss,24.0,-2.5000000000000067,-0.375000000000001
buy_3_optimized,2026-04-09 09:35:00,75059.39,73182.90525,stop_loss,24.0,-2.5000000000000044,-0.37500000000000067
buy_3_optimized,2026-04-09 09:35:00,75059.39,73182.90525,stop_loss,24.0,-2.5000000000000044,-0.37500000000000067
buy_3_optimized,2026-04-09 09:35:00,75059.39,73182.90525,stop_loss,24.0,-2.5000000000000044,-0.37500000000000067
buy_3_optimized,2026-04-09 09:35:00,75059.39,73182.90525,stop_loss,24.0,-2.5000000000000044,-0.37500000000000067
buy_3_optimized,2026-04-09 09:35:00,75059.39,73182.90525,stop_loss,24.0,-2.5000000000000044,-0.37500000000000067
buy_3_optimized,2026-04-09 09:35:00,75059.39,73182.90525,stop_loss,24.0,-2.5000000000000044,-0.37500000000000067
buy_3_optimized,2026-04-09 12:00:00,74702.0,72834.45,stop_loss,24.0,-2.500000000000004,-0.3750000000000006
buy_3_optimized,2026-04-09 12:00:00,74702.0,72834.45,stop_loss,24.0,-2.500000000000004,-0.3750000000000006
buy_3_optimized,2026-04-09 12:00:00,74702.0,72834.45,stop_loss,24.0,-2.500000000000004,-0.3750000000000006
buy_3_optimized,2026-04-09 22:30:00,75492.67,73605.35325,stop_loss,24.0,-2.499999999999998,-0.37499999999999967
buy_3_optimized,2026-04-09 22:30:00,75492.67,73605.35325,stop_loss,24.0,-2.499999999999998,-0.37499999999999967
buy_3_optimized,2026-04-09 22:30:00,75492.67,73605.35325,stop_loss,24.0,-2.499999999999998,-0.37499999999999967
buy_3_optimized,2026-04-09 22:30:00,75492.67,73605.35325,stop_loss,24.0,-2.499999999999998,-0.37499999999999967
buy_3_optimized,2026-04-09 22:30:00,75492.67,73605.35325,stop_loss,24.0,-2.499999999999998,-0.37499999999999967
buy_3_optimized,2026-04-09 22:30:00,75492.67,73605.35325,stop_loss,24.0,-2.499999999999998,-0.37499999999999967
buy_3_optimized,2026-04-09 22:30:00,75492.67,73605.35325,stop_loss,24.0,-2.499999999999998,-0.37499999999999967
buy_3_optimized,2026-04-09 22:30:00,75492.67,73605.35325,stop_loss,24.0,-2.499999999999998,-0.37499999999999967
buy_3_optimized,2026-04-09 22:30:00,75492.67,73605.35325,stop_loss,24.0,-2.499999999999998,-0.37499999999999967
buy_3_optimized,2026-04-09 22:30:00,75492.67,73605.35325,stop_loss,24.0,-2.499999999999998,-0.37499999999999967
buy_3_optimized,2026-04-09 22:30:00,75492.67,73605.35325,stop_loss,24.0,-2.499999999999998,-0.37499999999999967
buy_3_optimized,2026-04-09 22:30:00,75492.67,73605.35325,stop_loss,24.0,-2.499999999999998,-0.37499999999999967
buy_3_optimized,2026-04-09 22:30:00,75492.67,73605.35325,stop_loss,24.0,-2.499999999999998,-0.37499999999999967
buy_3_optimized,2026-04-09 22:30:00,75492.67,73605.35325,stop_loss,24.0,-2.499999999999998,-0.37499999999999967
buy_3_optimized,2026-04-09 22:30:00,75492.67,73605.35325,stop_loss,24.0,-2.499999999999998,-0.37499999999999967
buy_3_optimized,2026-04-09 22:30:00,75492.67,73605.35325,stop_loss,24.0,-2.499999999999998,-0.37499999999999967
buy_3_optimized,2026-04-10 00:25:00,75814.26,73918.9035,stop_loss,24.0,-2.499999999999993,-0.37499999999999895
buy_3_optimized,2026-04-10 00:25:00,75814.26,73918.9035,stop_loss,24.0,-2.499999999999993,-0.37499999999999895
buy_3_optimized,2026-04-10 00:25:00,75814.26,73918.9035,stop_loss,24.0,-2.499999999999993,-0.37499999999999895
buy_3_optimized,2026-04-10 00:25:00,75814.26,73918.9035,stop_loss,24.0,-2.499999999999993,-0.37499999999999895
buy_3_optimized,2026-04-10 02:00:00,76250.0,74343.75,stop_loss,24.0,-2.5,-0.375
buy_3_optimized,2026-04-10 02:00:00,76250.0,74343.75,stop_loss,24.0,-2.5,-0.375
buy_3_optimized,2026-04-10 02:00:00,76250.0,74343.75,stop_loss,24.0,-2.5,-0.375
buy_3_optimized,2026-04-10 02:00:00,76250.0,74343.75,stop_loss,24.0,-2.5,-0.375
buy_3_optimized,2026-04-10 02:00:00,76250.0,74343.75,stop_loss,24.0,-2.5,-0.375
buy_3_optimized,2026-04-10 02:00:00,76250.0,74343.75,stop_loss,24.0,-2.5,-0.375
buy_3_optimized,2026-04-10 05:30:00,75736.33,73842.92175,stop_loss,24.0,-2.50000000000001,-0.3750000000000015
buy_3_optimized,2026-04-10 05:30:00,75736.33,73842.92175,stop_loss,24.0,-2.50000000000001,-0.3750000000000015
buy_3_optimized,2026-04-10 05:30:00,75736.33,73842.92175,stop_loss,24.0,-2.50000000000001,-0.3750000000000015
buy_3_optimized,2026-04-10 05:30:00,75736.33,73842.92175,stop_loss,24.0,-2.50000000000001,-0.3750000000000015
buy_3_optimized,2026-04-10 09:20:00,75310.88,73428.10800000001,stop_loss,24.0,-2.499999999999996,-0.3749999999999994
buy_3_optimized,2026-04-10 09:20:00,75310.88,73428.10800000001,stop_loss,24.0,-2.499999999999996,-0.3749999999999994
buy_3_optimized,2026-04-10 12:20:00,75302.01,73419.45975,stop_loss,24.0,-2.5000000000000004,-0.37500000000000006
buy_3_optimized,2026-04-10 12:20:00,75302.01,73419.45975,stop_loss,24.0,-2.5000000000000004,-0.37500000000000006
buy_3_optimized,2026-04-10 12:20:00,75302.01,73419.45975,stop_loss,24.0,-2.5000000000000004,-0.37500000000000006
buy_3_optimized,2026-04-10 12:20:00,75302.01,73419.45975,stop_loss,24.0,-2.5000000000000004,-0.37500000000000006
buy_3_optimized,2026-04-10 12:20:00,75302.01,73419.45975,stop_loss,24.0,-2.5000000000000004,-0.37500000000000006
buy_3_optimized,2026-04-10 12:20:00,75302.01,73419.45975,stop_loss,24.0,-2.5000000000000004,-0.37500000000000006
buy_3_optimized,2026-04-10 12:20:00,75302.01,73419.45975,stop_loss,24.0,-2.5000000000000004,-0.37500000000000006
buy_3_optimized,2026-04-10 12:20:00,75302.01,73419.45975,stop_loss,24.0,-2.5000000000000004,-0.37500000000000006
buy_3_optimized,2026-04-10 12:20:00,75302.01,73419.45975,stop_loss,24.0,-2.5000000000000004,-0.37500000000000006
buy_3_optimized,2026-04-10 12:20:00,75302.01,73419.45975,stop_loss,24.0,-2.5000000000000004,-0.37500000000000006
buy_3_optimized,2026-04-10 12:20:00,75302.01,73419.45975,stop_loss,24.0,-2.5000000000000004,-0.37500000000000006
buy_3_optimized,2026-04-10 12:20:00,75302.01,73419.45975,stop_loss,24.0,-2.5000000000000004,-0.37500000000000006
buy_3_optimized,2026-04-10 12:20:00,75302.01,73419.45975,stop_loss,24.0,-2.5000000000000004,-0.37500000000000006
buy_3_optimized,2026-04-10 12:20:00,75302.01,73419.45975,stop_loss,24.0,-2.5000000000000004,-0.37500000000000006
buy_3_optimized,2026-04-10 12:20:00,75302.01,73419.45975,stop_loss,24.0,-2.5000000000000004,-0.37500000000000006
buy_3_optimized,2026-04-10 12:20:00,75302.01,73419.45975,stop_loss,24.0,-2.5000000000000004,-0.37500000000000006
buy_3_optimized,2026-04-15 16:50:00,75836.88,73940.958,stop_loss,24.0,-2.500000000000008,-0.37500000000000117
buy_3_optimized,2026-04-15 16:50:00,75836.88,73940.958,stop_loss,24.0,-2.500000000000008,-0.37500000000000117
buy_3_optimized,2026-04-15 16:50:00,75836.88,73940.958,stop_loss,24.0,-2.500000000000008,-0.37500000000000117
buy_3_optimized,2026-04-15 16:50:00,75836.88,73940.958,stop_loss,24.0,-2.500000000000008,-0.37500000000000117
buy_3_optimized,2026-04-15 16:50:00,75836.88,73940.958,stop_loss,24.0,-2.500000000000008,-0.37500000000000117
buy_3_optimized,2026-04-15 16:50:00,75836.88,73940.958,stop_loss,24.0,-2.500000000000008,-0.37500000000000117
buy_3_optimized,2026-04-15 17:40:00,75881.28,73984.24799999999,stop_loss,24.0,-2.5000000000000084,-0.3750000000000013
buy_3_optimized,2026-04-15 17:40:00,75881.28,73984.24799999999,stop_loss,24.0,-2.5000000000000084,-0.3750000000000013
buy_3_optimized,2026-04-15 17:40:00,75881.28,73984.24799999999,stop_loss,24.0,-2.5000000000000084,-0.3750000000000013
buy_3_optimized,2026-04-15 17:40:00,75881.28,73984.24799999999,stop_loss,24.0,-2.5000000000000084,-0.3750000000000013
buy_3_optimized,2026-04-15 17:40:00,75881.28,73984.24799999999,stop_loss,24.0,-2.5000000000000084,-0.3750000000000013
buy_3_optimized,2026-04-15 17:40:00,75881.28,73984.24799999999,stop_loss,24.0,-2.5000000000000084,-0.3750000000000013
buy_3_optimized,2026-04-15 17:40:00,75881.28,73984.24799999999,stop_loss,24.0,-2.5000000000000084,-0.3750000000000013
buy_3_optimized,2026-04-15 17:40:00,75881.28,73984.24799999999,stop_loss,24.0,-2.5000000000000084,-0.3750000000000013
buy_3_optimized,2026-04-15 17:40:00,75881.28,73984.24799999999,stop_loss,24.0,-2.5000000000000084,-0.3750000000000013
buy_3_optimized,2026-04-15 17:40:00,75881.28,73984.24799999999,stop_loss,24.0,-2.5000000000000084,-0.3750000000000013
buy_3_optimized,2026-04-15 17:40:00,75881.28,73984.24799999999,stop_loss,24.0,-2.5000000000000084,-0.3750000000000013
buy_3_optimized,2026-04-15 17:40:00,75881.28,73984.24799999999,stop_loss,24.0,-2.5000000000000084,-0.3750000000000013
buy_3_optimized,2026-04-15 17:40:00,75881.28,73984.24799999999,stop_loss,24.0,-2.5000000000000084,-0.3750000000000013
buy_3_optimized,2026-04-15 17:40:00,75881.28,73984.24799999999,stop_loss,24.0,-2.5000000000000084,-0.3750000000000013
buy_3_optimized,2026-04-15 17:40:00,75881.28,73984.24799999999,stop_loss,24.0,-2.5000000000000084,-0.3750000000000013
buy_3_optimized,2026-04-15 17:40:00,75881.28,73984.24799999999,stop_loss,24.0,-2.5000000000000084,-0.3750000000000013
buy_3_optimized,2026-04-15 17:40:00,75881.28,73984.24799999999,stop_loss,24.0,-2.5000000000000084,-0.3750000000000013
buy_3_optimized,2026-04-15 17:40:00,75881.28,73984.24799999999,stop_loss,24.0,-2.5000000000000084,-0.3750000000000013
buy_3_optimized,2026-04-15 17:40:00,75881.28,73984.24799999999,stop_loss,24.0,-2.5000000000000084,-0.3750000000000013
buy_3_optimized,2026-04-15 17:40:00,75881.28,73984.24799999999,stop_loss,24.0,-2.5000000000000084,-0.3750000000000013
buy_3_optimized,2026-04-15 17:40:00,75881.28,73984.24799999999,stop_loss,24.0,-2.5000000000000084,-0.3750000000000013
buy_3_optimized,2026-04-15 18:55:00,76117.99,74215.04025,stop_loss,24.0,-2.4999999999999996,-0.37499999999999994
buy_3_optimized,2026-04-15 18:55:00,76117.99,74215.04025,stop_loss,24.0,-2.4999999999999996,-0.37499999999999994
buy_3_optimized,2026-04-15 18:55:00,76117.99,74215.04025,stop_loss,24.0,-2.4999999999999996,-0.37499999999999994
buy_3_optimized,2026-04-15 18:55:00,76117.99,74215.04025,stop_loss,24.0,-2.4999999999999996,-0.37499999999999994
buy_3_optimized,2026-04-15 18:55:00,76117.99,74215.04025,stop_loss,24.0,-2.4999999999999996,-0.37499999999999994
buy_3_optimized,2026-04-15 18:55:00,76117.99,74215.04025,stop_loss,24.0,-2.4999999999999996,-0.37499999999999994
buy_3_optimized,2026-04-15 22:35:00,76086.0,74183.84999999999,stop_loss,24.0,-2.5000000000000115,-0.3750000000000017
buy_3_optimized,2026-04-15 22:35:00,76086.0,74183.84999999999,stop_loss,24.0,-2.5000000000000115,-0.3750000000000017
buy_3_optimized,2026-04-15 22:35:00,76086.0,74183.84999999999,stop_loss,24.0,-2.5000000000000115,-0.3750000000000017
buy_3_optimized,2026-04-15 22:35:00,76086.0,74183.84999999999,stop_loss,24.0,-2.5000000000000115,-0.3750000000000017
buy_3_optimized,2026-04-15 22:35:00,76086.0,74183.84999999999,stop_loss,24.0,-2.5000000000000115,-0.3750000000000017
buy_3_optimized,2026-04-15 22:35:00,76086.0,74183.84999999999,stop_loss,24.0,-2.5000000000000115,-0.3750000000000017
buy_3_optimized,2026-04-15 22:35:00,76086.0,74183.84999999999,stop_loss,24.0,-2.5000000000000115,-0.3750000000000017
buy_3_optimized,2026-04-15 22:35:00,76086.0,74183.84999999999,stop_loss,24.0,-2.5000000000000115,-0.3750000000000017
buy_3_optimized,2026-04-15 22:35:00,76086.0,74183.84999999999,stop_loss,24.0,-2.5000000000000115,-0.3750000000000017
buy_3_optimized,2026-04-15 22:35:00,76086.0,74183.84999999999,stop_loss,24.0,-2.5000000000000115,-0.3750000000000017
buy_3_optimized,2026-04-15 22:35:00,76086.0,74183.84999999999,stop_loss,24.0,-2.5000000000000115,-0.3750000000000017
buy_3_optimized,2026-04-15 22:35:00,76086.0,74183.84999999999,stop_loss,24.0,-2.5000000000000115,-0.3750000000000017
buy_3_optimized,2026-04-15 22:35:00,76086.0,74183.84999999999,stop_loss,24.0,-2.5000000000000115,-0.3750000000000017
buy_3_optimized,2026-04-15 22:35:00,76086.0,74183.84999999999,stop_loss,24.0,-2.5000000000000115,-0.3750000000000017
buy_3_optimized,2026-04-15 22:35:00,76086.0,74183.84999999999,stop_loss,24.0,-2.5000000000000115,-0.3750000000000017
buy_3_optimized,2026-04-15 22:35:00,76086.0,74183.84999999999,stop_loss,24.0,-2.5000000000000115,-0.3750000000000017
buy_3_optimized,2026-04-15 22:35:00,76086.0,74183.84999999999,stop_loss,24.0,-2.5000000000000115,-0.3750000000000017
buy_3_optimized,2026-04-15 22:35:00,76086.0,74183.84999999999,stop_loss,24.0,-2.5000000000000115,-0.3750000000000017
buy_3_optimized,2026-04-15 22:35:00,76086.0,74183.84999999999,stop_loss,24.0,-2.5000000000000115,-0.3750000000000017
buy_3_optimized,2026-04-15 22:35:00,76086.0,74183.84999999999,stop_loss,24.0,-2.5000000000000115,-0.3750000000000017
buy_3_optimized,2026-04-15 22:35:00,76086.0,74183.84999999999,stop_loss,24.0,-2.5000000000000115,-0.3750000000000017
buy_3_optimized,2026-04-15 22:35:00,76086.0,74183.84999999999,stop_loss,24.0,-2.5000000000000115,-0.3750000000000017
buy_3_optimized,2026-04-15 22:35:00,76086.0,74183.84999999999,stop_loss,24.0,-2.5000000000000115,-0.3750000000000017
buy_3_optimized,2026-04-15 22:35:00,76086.0,74183.84999999999,stop_loss,24.0,-2.5000000000000115,-0.3750000000000017
buy_3_optimized,2026-04-15 22:35:00,76086.0,74183.84999999999,stop_loss,24.0,-2.5000000000000115,-0.3750000000000017
buy_3_optimized,2026-04-15 22:35:00,76086.0,74183.84999999999,stop_loss,24.0,-2.5000000000000115,-0.3750000000000017
buy_3_optimized,2026-04-15 22:35:00,76086.0,74183.84999999999,stop_loss,24.0,-2.5000000000000115,-0.3750000000000017
buy_3_optimized,2026-04-15 22:35:00,76086.0,74183.84999999999,stop_loss,24.0,-2.5000000000000115,-0.3750000000000017
buy_3_optimized,2026-04-15 22:35:00,76086.0,74183.84999999999,stop_loss,24.0,-2.5000000000000115,-0.3750000000000017
buy_3_optimized,2026-04-15 22:35:00,76086.0,74183.84999999999,stop_loss,24.0,-2.5000000000000115,-0.3750000000000017
buy_3_optimized,2026-04-15 22:35:00,76086.0,74183.84999999999,stop_loss,24.0,-2.5000000000000115,-0.3750000000000017
buy_3_optimized,2026-04-15 22:35:00,76086.0,74183.84999999999,stop_loss,24.0,-2.5000000000000115,-0.3750000000000017
buy_3_optimized,2026-04-15 22:35:00,76086.0,74183.84999999999,stop_loss,24.0,-2.5000000000000115,-0.3750000000000017
buy_3_optimized,2026-04-15 22:35:00,76086.0,74183.84999999999,stop_loss,24.0,-2.5000000000000115,-0.3750000000000017
buy_3_optimized,2026-04-15 22:35:00,76086.0,74183.84999999999,stop_loss,24.0,-2.5000000000000115,-0.3750000000000017
buy_3_optimized,2026-04-15 22:35:00,76086.0,74183.84999999999,stop_loss,24.0,-2.5000000000000115,-0.3750000000000017
buy_3_optimized,2026-04-15 22:35:00,76086.0,74183.84999999999,stop_loss,24.0,-2.5000000000000115,-0.3750000000000017
buy_3_optimized,2026-04-15 22:35:00,76086.0,74183.84999999999,stop_loss,24.0,-2.5000000000000115,-0.3750000000000017
buy_3_optimized,2026-04-15 22:35:00,76086.0,74183.84999999999,stop_loss,24.0,-2.5000000000000115,-0.3750000000000017
buy_3_optimized,2026-04-15 22:35:00,76086.0,74183.84999999999,stop_loss,24.0,-2.5000000000000115,-0.3750000000000017
buy_3_optimized,2026-04-15 22:35:00,76086.0,74183.84999999999,stop_loss,24.0,-2.5000000000000115,-0.3750000000000017
buy_3_optimized,2026-04-15 23:45:00,76288.98,74381.7555,stop_loss,24.0,-2.4999999999999956,-0.37499999999999933
buy_3_optimized,2026-04-15 23:45:00,76288.98,74381.7555,stop_loss,24.0,-2.4999999999999956,-0.37499999999999933
buy_3_optimized,2026-04-15 23:45:00,76288.98,74381.7555,stop_loss,24.0,-2.4999999999999956,-0.37499999999999933
buy_3_optimized,2026-04-15 23:45:00,76288.98,74381.7555,stop_loss,24.0,-2.4999999999999956,-0.37499999999999933
buy_3_optimized,2026-04-15 23:45:00,76288.98,74381.7555,stop_loss,24.0,-2.4999999999999956,-0.37499999999999933
buy_3_optimized,2026-04-15 23:45:00,76288.98,74381.7555,stop_loss,24.0,-2.4999999999999956,-0.37499999999999933
buy_3_optimized,2026-04-16 02:40:00,76798.29,74878.33274999999,stop_loss,24.0,-2.5000000000000093,-0.3750000000000014
buy_3_optimized,2026-04-16 02:40:00,76798.29,74878.33274999999,stop_loss,24.0,-2.5000000000000093,-0.3750000000000014
buy_3_optimized,2026-04-16 02:40:00,76798.29,74878.33274999999,stop_loss,24.0,-2.5000000000000093,-0.3750000000000014
buy_3_optimized,2026-04-16 02:40:00,76798.29,74878.33274999999,stop_loss,24.0,-2.5000000000000093,-0.3750000000000014
buy_3_optimized,2026-04-16 02:40:00,76798.29,74878.33274999999,stop_loss,24.0,-2.5000000000000093,-0.3750000000000014
buy_3_optimized,2026-04-16 02:40:00,76798.29,74878.33274999999,stop_loss,24.0,-2.5000000000000093,-0.3750000000000014
buy_3_optimized,2026-04-16 02:40:00,76798.29,74878.33274999999,stop_loss,24.0,-2.5000000000000093,-0.3750000000000014
buy_3_optimized,2026-04-16 02:40:00,76798.29,74878.33274999999,stop_loss,24.0,-2.5000000000000093,-0.3750000000000014
buy_3_optimized,2026-04-16 02:40:00,76798.29,74878.33274999999,stop_loss,24.0,-2.5000000000000093,-0.3750000000000014
buy_3_optimized,2026-04-16 02:40:00,76798.29,74878.33274999999,stop_loss,24.0,-2.5000000000000093,-0.3750000000000014
buy_3_optimized,2026-04-16 02:40:00,76798.29,74878.33274999999,stop_loss,24.0,-2.5000000000000093,-0.3750000000000014
buy_3_optimized,2026-04-16 02:40:00,76798.29,74878.33274999999,stop_loss,24.0,-2.5000000000000093,-0.3750000000000014
buy_3_optimized,2026-04-16 02:40:00,76798.29,74878.33274999999,stop_loss,24.0,-2.5000000000000093,-0.3750000000000014
buy_3_optimized,2026-04-16 02:40:00,76798.29,74878.33274999999,stop_loss,24.0,-2.5000000000000093,-0.3750000000000014
buy_3_optimized,2026-04-16 02:40:00,76798.29,74878.33274999999,stop_loss,24.0,-2.5000000000000093,-0.3750000000000014
buy_3_optimized,2026-04-16 02:40:00,76798.29,74878.33274999999,stop_loss,24.0,-2.5000000000000093,-0.3750000000000014
buy_3_optimized,2026-04-16 02:40:00,76798.29,74878.33274999999,stop_loss,24.0,-2.5000000000000093,-0.3750000000000014
buy_3_optimized,2026-04-16 02:40:00,76798.29,74878.33274999999,stop_loss,24.0,-2.5000000000000093,-0.3750000000000014
buy_3_optimized,2026-04-16 02:40:00,76798.29,74878.33274999999,stop_loss,24.0,-2.5000000000000093,-0.3750000000000014
buy_3_optimized,2026-04-16 02:40:00,76798.29,74878.33274999999,stop_loss,24.0,-2.5000000000000093,-0.3750000000000014
buy_3_optimized,2026-04-16 02:40:00,76798.29,74878.33274999999,stop_loss,24.0,-2.5000000000000093,-0.3750000000000014
buy_3_optimized,2026-04-16 02:40:00,76798.29,74878.33274999999,stop_loss,24.0,-2.5000000000000093,-0.3750000000000014
buy_3_optimized,2026-04-16 02:40:00,76798.29,74878.33274999999,stop_loss,24.0,-2.5000000000000093,-0.3750000000000014
buy_3_optimized,2026-04-16 02:40:00,76798.29,74878.33274999999,stop_loss,24.0,-2.5000000000000093,-0.3750000000000014
buy_3_optimized,2026-04-16 02:40:00,76798.29,74878.33274999999,stop_loss,24.0,-2.5000000000000093,-0.3750000000000014
buy_3_optimized,2026-04-16 02:40:00,76798.29,74878.33274999999,stop_loss,24.0,-2.5000000000000093,-0.3750000000000014
buy_3_optimized,2026-04-16 02:40:00,76798.29,74878.33274999999,stop_loss,24.0,-2.5000000000000093,-0.3750000000000014
buy_3_optimized,2026-04-16 02:40:00,76798.29,74878.33274999999,stop_loss,24.0,-2.5000000000000093,-0.3750000000000014
buy_3_optimized,2026-04-16 02:40:00,76798.29,74878.33274999999,stop_loss,24.0,-2.5000000000000093,-0.3750000000000014
buy_3_optimized,2026-04-16 02:40:00,76798.29,74878.33274999999,stop_loss,24.0,-2.5000000000000093,-0.3750000000000014
